content,author_comment,editor_memo,dummy,create_datetime,author_url,author,license
ささくれを切るためだけの鋏持ち今朝もスクランブル交差点,,,,"Sep 30, 2025 11:11 pm",https://x.com/aonosaku31,青野 朔,CC BY-NC-ND 4.0
かなしみは濡れたガーゼでトントンと叩いて落とす水性だから,,,,"Oct 1, 2025 9:13 pm",https://x.com/kitakitsune77,北狐,CC BY-NC-ND 4.0
咳止めのシロップみたいな恋でしたあなたの嘘が甘くてにがい,,,,"Sep 30, 2025 6:40 pm",https://x.com/morning__calm,朝凪たまご,CC BY-NC-ND 4.0
誰もいない砂浜に書くメッセージ　白波さんたら読まずに食べた,,,,"Oct 6, 2025 6:59 pm",https://x.com/mizuki_kizumi_,来住瑞貴,CC BY-NC-ND 4.0
さみしいね三人の日と書いて春　結局君は友達のまま,,,,"Oct 1, 2025 10:30 pm",https://x.com/tanankatoru,田仲トオル,CC BY-NC-ND 4.0
月食のふもとに不二の山ありて頂めざす灯り連なる,,,,"Oct 1, 2025 3:02 pm",https://x.com/takosan_kcr,たこの粥,CC BY-NC-ND 4.0
この星が乾いています　あたたかい涙とキスが欲しい夜です,,,,"Oct 1, 2025 5:57 am",https://x.com/OkadaDouitsu,岡田道一,CC BY-NC-ND 4.0
君だけのだし巻き卵にくるまれて心身症の落ち着く気配,実景です。作ってくれた人にどの調味料使ってだし巻き卵を作ったのか尋ねたら「え、なんかこう、適当に」とぼんやりとした答えが返ってきました。料理における適当、は、簡単には真似できませんから、その人にしか作れないだし巻き卵だと思っています。おしいかったです。,,,"Sep 30, 2025 11:12 pm",https://x.com/awoi_up20,あをい,CC BY-NC-ND 4.0
泡立てた洗顔フォームにダイブする今日の私をひとつ殺して,,,,"Sep 30, 2025 7:25 pm",https://x.com/hakka_kinoko,ベーグル,CC BY-NC-ND 4.0
この星の孤独をすべて引き受けて周回軌道にひまわりは咲く,ひまわりはただ地球の周りを巡る。,,,"Sep 30, 2025 8:31 pm",https://x.com/MishinOga,大賀ミシン,CC BY-NC-ND 4.0
【（しょーもない）特技】ドラマや映画観て主人公より先に泣けます！,,,,"Oct 1, 2025 9:14 pm",https://x.com/yoimane_57577,よいまね,CC BY-NC-ND 4.0
心にも借景があり双眸にすわれることのなき青鬼灯,,,,"Oct 6, 2025 3:17 pm",https://x.com/saku_furui,古井　朔,CC BY-NC-ND 4.0
生殖を恋と言ってるナレーション　鳥をやめても翼はあるよ,,,,"Sep 30, 2025 11:18 pm",https://x.com/aonosaku31,青野 朔,CC BY-NC-ND 4.0
爪先からストッキングを剥ぎゆけば女をやめた血のあたたかさ,,,,"Oct 3, 2025 6:59 am",https://x.com/nonaga0303,のなが,CC BY-NC-ND 4.0
真夜中の独りの部屋に届く声52ヘルツは愛に似ていた,,,,"Oct 6, 2025 3:27 pm",https://x.com/Chiku_tanka,知久,CC BY-NC-ND 4.0
短歌とはちょっぴり切ない思い出を君と分け合い詠む物語,,,,"Sep 30, 2025 11:14 pm",https://x.com/irusousaku,アリタ別館,CC BY-NC-ND 4.0
「確率」が来たんだね、もう離さないで、ＵＦＯになって、ぎゅっとして、,,,,"Oct 1, 2025 10:36 am",https://x.com/Itsuki_Mao,しみず,CC BY-NC-ND 4.0
強がりも悲しくもないなぜ他人《ひと》は一人の夜を否定するの,,,,"Sep 30, 2025 9:20 pm",https://x.com/kiriyamatouta31,桐谷やまと,CC BY-NC-ND 4.0
いつもなら秒針の音聞いている今日は特別貴方の寝息,,,,"Oct 1, 2025 8:54 am",https://x.com/kikyo_nakano,仲野キキョウ,CC BY-NC-ND 4.0
曲がり角 金木犀の香を咥えぶつかってきた秋、遅刻です,,,,"Oct 6, 2025 4:25 pm",https://x.com/Aiyu_Myoi,明井愛結,CC BY-NC-ND 4.0
悲しみの連鎖断ち切る方法はプリンを食べることに限るね,,,,"Sep 30, 2025 9:19 pm",https://x.com/kiriyamatouta31,桐谷やまと,CC BY-NC-ND 4.0
昨日の涙と途切れた文字列寝落ちた君へ小さなあかりを,,,,"Sep 28, 2025 12:52 pm",https://x.com/suu_0421,すぅ,CC BY-NC-ND 4.0
ささくれが音符みたいにひっかかる本のよはくに詩をおいてみて,,,,"Oct 6, 2025 6:59 am",https://x.com/plympull,ぷりんぷる,CC BY-NC-ND 4.0
まばたきで切り取りながら溜め込んだフォルダもいっそ消えてしまえば,,,,"Sep 30, 2025 7:35 pm",https://x.com/nuttarifan,乃木ひかり,CC BY-NC-ND 4.0
掃除機のコードを赤まで引っ張ってもどらなくなったらそれが僕だよ,,,,"Sep 30, 2025 7:17 pm",https://x.com/huGaku17,huGaku,CC BY-NC-ND 4.0
無効印もらいにわざわざ有人の改札抜けるこれがご褒美,長距離出張のひとつの楽しみでしたが、有人改札自体減ってしまい、つまらなくなりました。,,,"Oct 2, 2025 8:30 pm",https://x.com/Precure_Yoisho,よいしょ上手の高木さん,CC BY-NC-ND 4.0
チョコレートコスモス秩序に手を振って少しくらいは好きでもいいよ,,,,"Oct 2, 2025 12:54 am",https://x.com/yukikaze_3710,雪風みなと,CC BY-NC-ND 4.0
失くしてくこの先ずっとそれならさ消えたいなんておかしいのかな,,,,"Oct 2, 2025 11:51 pm",https://x.com/Rw2NOgtJoBEKcBY,舞風 奏-かなで-,CC BY-NC-ND 4.0
シマウマを憐れむ声のその口で肉を嚙み切る　鉄の味する,,,,"Oct 6, 2025 6:53 pm",https://x.com/mizuki_kizumi_,来住瑞貴,CC BY-NC-ND 4.0
ほうき星もしも近くを通るならわたしのとこに遊びにきてね,,,,"Oct 6, 2025 3:26 pm",https://x.com/Chiku_tanka,知久,CC BY-NC-ND 4.0
欠席を迷わず選ぶ様をみて君も痛みを持ってると知る,,,,"Oct 5, 2025 11:42 pm",https://x.com/36aoRu1Re4K4AbR,空虚 シガイ,CC BY-NC-ND 4.0
さよならを言えたひと、言えなかったひと　彼岸花が一斉に手をふる,,,,"Oct 1, 2025 7:34 am",https://x.com/sinachiku_no_yo,萎竹,CC BY-NC-ND 4.0
看板は赤い文字から消えてゆき命令口調だけが残った,,,,"Oct 6, 2025 9:13 am",https://x.com/spring_bird_gr,はるかぜ,CC BY-NC-ND 4.0
流行の流刑地めいた棚にいる期限の近いココナッツオイル,,,,"Oct 1, 2025 5:28 pm",https://x.com/mskpompomfuwa23,まさけ,CC BY-NC-ND 4.0
月ほどに慎ましやかな距離でいる時にわたしを照らすあなたは,,,,"Oct 3, 2025 8:49 pm",https://x.com/suimitudou16,睡密堂,CC BY-NC-ND 4.0
原本は大事にしてね複製で構わないから愛をください,,,,"Sep 30, 2025 10:39 pm",https://x.com/tanimanon258x,谷まのん,CC BY-NC-ND 4.0
その闇を愛せよなんて言わないが剣とか盾にすれば強いよ,,,,"Oct 1, 2025 6:44 am",https://x.com/@hijyouguchi_dot,非常口ドット,CC BY-NC-ND 4.0
體と体 Hold me tight スケジュール ロマンティックを止めnight and day,,,,"Sep 26, 2025 5:55 pm",https://x.com/osorakukajin,奈路 侃,CC BY-NC-ND 4.0
どこからが死んでいるのか分からない色水を吸い青くなる花,,,,"Sep 30, 2025 9:04 pm",https://x.com/umefufum,梅ふふむ,CC BY-NC-ND 4.0
もう夏が混ざってぬるいビール飲み互いのモノマネしては笑った,,,,"Sep 30, 2025 5:34 am",https://x.com/sonatine_yuki,村川愉季,CC BY-NC-ND 4.0
「わたしたちそっくり」と言うきみが持つクッキーのチョコチップの多さ,,,,"Oct 4, 2025 8:23 pm",https://x.com/teto_starlight,てと,CC BY-NC-ND 4.0
Birthdayリマインドしてくれるから薄くあまねく響くHappy,,,,"Oct 7, 2025 1:56 am",https://x.com/inan_erotica,インアン,CC BY-NC-ND 4.0
口ぐせが変わってないねグラタンを温め直すみたいな夜だ,,,,"Oct 5, 2025 3:08 pm",https://x.com/nuts722,natsuko,CC BY-NC-ND 4.0
窓越しに見る校庭に似てきたねあなたの語る未来ってのは,,,,"Oct 4, 2025 10:06 am",https://x.com/Linon_non,りのん,CC BY-NC-ND 4.0
泣き声と冷房の風が溢れ出るフードコートの自動ドアから,,,,"Sep 30, 2025 5:34 am",https://x.com/sonatine_yuki,村川愉季,CC BY-NC-ND 4.0
惑うことを許してほしい砂浜で方位のくるった海星の静か,,,,"Oct 6, 2025 9:14 am",https://x.com/spring_bird_gr,はるかぜ,CC BY-NC-ND 4.0
彼岸入り空（から）の巣を見て祈るわれ海の向こうも待つ人がいる,ふと軒下を見ると、燕の巣が空っぽになっていることに気づいた。数羽生まれた雛たちも練習を重ね、立派に飛べるようになっていた。燕たちもフィリピンやマレー半島を目指し、冬を越す準備に出かけたのだ。きっと海の向こうでも「今年も来るかな」と待っている人がいるだろう。この世でも、そしてあの世でも、待ってくれる人がいると思うだけで幸せはやってくる。今日は彼岸の入り。,,,"Oct 6, 2025 8:22 pm",https://x.com/lee.g.chang,リー・ジー・チャン,CC BY-NC-ND 4.0
サルスベリ登って食べたストロベリー満腹感は脳の間違い,,,,"Sep 30, 2025 12:59 pm",https://x.com/no_rain_no_kasa,琉生,CC BY-NC-ND 4.0
きんいろで星空を折る　光らないほかのすべてと引き換えにして,,,,"Oct 1, 2025 5:22 pm",https://x.com/marja0312tk,まる弥,CC BY-NC-ND 4.0
焦がれたり焦らされながら焦ったり片恋の吾は焦げて真っ黒,要するにどう異性と付き合うのか分からないのです。アラカンなのに。,,,"Oct 3, 2025 8:08 pm",https://x.com/Precure_Yoisho,よいしょ上手の高木さん,CC BY-NC-ND 4.0
本心をホワイトチョコでコーティングしてからどうぞとあなたへ差し出す ,,,,"Oct 5, 2025 1:54 am",https://x.com/umi_tsukitokage,ツキミサキ,CC BY-NC-ND 4.0
空っぽの土曜にわざと歩き出す恐竜みたいなクレーン車,,,,"Oct 6, 2025 11:59 pm",https://x.com/mi1s4am,横井のの,CC BY-NC-ND 4.0
赤パジャマ青パジャマ黄パジャマあっ（まーくんくつした小指）かパジャマ,,,,"Sep 30, 2025 9:27 pm",https://x.com/_05_maryo,井山カナ,CC BY-NC-ND 4.0
ちょっとしたメモも捨てられないままであなたがそこにいる気がしてる,,,,"Sep 30, 2025 9:22 pm",https://x.com/kiriyamatouta31,桐谷やまと,CC BY-NC-ND 4.0
今もまだ独り者です亡き母が通った丘に秋桜揺れて,,,,"Oct 4, 2025 10:05 am",https://x.com/Linon_non,りのん,CC BY-NC-ND 4.0
好きだよと言われてあからむ君の顔　ネオンのせいにするのがお得意,初心者で右も左も分かりませんがどこかに投稿したいと思い、投稿させていただきます,,,"Sep 13, 2025 11:13 pm",https://x.com/6fgm4LpR5d20733,しゅー,CC BY-NC-ND 4.0
真っ白な棺に眠っている祖母の淡い灯火《とうか》のように口紅,,,,"Oct 5, 2025 10:42 am",https://x.com/Umi1146295,Umi.,CC BY-NC-ND 4.0
まぐわいのはなはだしかる駅前の蜻蛉小さな秋を見つけた,夏の延長線上の駅前。,,,"Oct 6, 2025 12:54 am",https://x.com/misosarasenryu,鯖虎,CC BY-NC-ND 4.0
ポータブル愛をご所望ですか？もう熾火のように灯っているのに,,,,"Oct 5, 2025 1:33 am",https://x.com/leslie_bekkie,別木れすり,CC BY-NC-ND 4.0
相場では袖は乾かず夜は長い、まぁまぁコーヒーでも飲めよ,,,,"Oct 6, 2025 11:58 pm",https://x.com/mi1s4am,横井のの,CC BY-NC-ND 4.0
ハンバーガー上手に食べる人でした 黙って一抜けした人でした,,,,"Oct 6, 2025 9:36 pm",https://x.com/104ON_BLUE2,伴 更紗,CC BY-NC-ND 4.0
"知らぬ語で泣く子よ君の想い出に残る旅だといいな　真夏日
",,,,"Sep 20, 2025 6:24 am",https://x.com/tatsuyananasino,七篠龍也,CC BY-NC-ND 4.0
ゆびさきはやさしいものだけ触れてたい例えばきみにまつわる全て,お題「指」から生まれた歌です。,,,"Sep 30, 2025 9:29 am",https://x.com/mizu_tama_konko,水玉子,CC BY-NC-ND 4.0
何気なく「独身です」と言うときにゆっくり刺さる毒、死んで、death,,,,"Oct 2, 2025 12:52 am",https://x.com/yukikaze_3710,雪風みなと,CC BY-NC-ND 4.0
けしあとがつもっていちめんゆきげしき　トンネルぬけて、つたえたい　ゆき,,,,"Oct 3, 2025 4:52 pm",https://x.com/murasameshinco,ムラサメシンコ,CC BY-NC-ND 4.0
いつだって調整のきく存在で名は「派遣さん」としか呼ばれず,,,,"Oct 5, 2025 3:07 pm",https://x.com/nuts722,natsuko,CC BY-NC-ND 4.0
朝のバスいつもの時刻顔ぶれで見慣れた街が今は思い出,,,,"Oct 6, 2025 9:36 pm",https://x.com/daigakuimo3717,山野たみ,CC BY-NC-ND 4.0
テトリスは得意ですかにはいと言い棚の整理を任されている,,,,"Sep 30, 2025 10:38 pm",https://x.com/tanimanon258x,谷まのん,CC BY-NC-ND 4.0
君が出たあとの風呂場の鏡には涙まみれの俺が立ってて,,,,"Sep 30, 2025 5:34 am",https://x.com/sonatine_yuki,村川愉季,CC BY-NC-ND 4.0
ファスナーを下ろしたあともそのひとはわたしのことを救ってくれた,,,,"Oct 1, 2025 3:58 am",https://x.com/kiroi_iorik,きいろい,CC BY-NC-ND 4.0
今まさに悩みまるごと裏返し月のケーキにエシレバターを,,,,"Oct 6, 2025 3:16 pm",https://x.com/saku_furui,古井　朔,CC BY-NC-ND 4.0
ZOZOTOWN　精一杯の輝きを振りまいて孤独死あたたかい,,,,"Sep 28, 2025 7:24 pm",https://x.com/kurage_pancake,金井水月,CC BY-NC-ND 4.0
ラフ・メイカー　あなたを喜ばせるために僕は悲しむことができます,,,,"Sep 30, 2025 12:59 pm",https://x.com/no_rain_no_kasa,琉生,CC BY-NC-ND 4.0
砂浜に眠る小瓶のコルク抜き手には無数の花びら落ちて,,,,"Sep 30, 2025 3:12 pm",https://x.com/Amamiyaamaki,雨宮雨霧,CC BY-NC-ND 4.0
黙祷を捧げるようにヒマワリは黒く佇み夏を弔う,枯れたひまわりの茶黒く首を垂らしている異様な姿が、黙祷しているように見えたことから生まれた歌です。,,,"Sep 30, 2025 9:25 am",https://x.com/mizu_tama_konko,水玉子,CC BY-NC-ND 4.0
惜しまずに九十九を白寿だと言い聞かせつつ遺骨をひろう,,,,"Oct 1, 2025 2:27 am",https://x.com/@aca_tabby,眠る金魚,CC BY-NC-ND 4.0
心まで透明にして欲しくない死んだとしても暴かないでね,,,,"Sep 30, 2025 9:19 pm",https://x.com/kiriyamatouta31,桐谷やまと,CC BY-NC-ND 4.0
"カステラのかおりがするねぐりとぐらみたいにあまい月をみている
",,,,"Oct 1, 2025 3:57 am",https://x.com/kiroi_iorik,きいろい,CC BY-NC-ND 4.0
かしゃかしゃと缶から落ちる虹の色まとってもまだ薄荷ドロップ,,,,"Sep 30, 2025 7:34 pm",https://x.com/nuttarifan,乃木ひかり,CC BY-NC-ND 4.0
改札に入ったらすぐさよならだねえコンビニでアイス買わない？,,,,"Oct 1, 2025 8:44 am",https://x.com/kikyo_nakano,仲野キキョウ,CC BY-NC-ND 4.0
笑ってるみたいな泣き方するから浮き輪だけ浮かんでる海みたいだ,,,,"Oct 1, 2025 8:21 pm",https://x.com/zeronokamides,ゼロの紙,CC BY-NC-ND 4.0
じわじわと滲み出るようにかなしみが全身巡りうみとなって,,,,"Oct 6, 2025 12:31 pm",https://x.com/prune0s,瀧,CC BY-NC-ND 4.0
メリーゴーランドを走る馬たちは幸せそうに走る　陣痛,,,,"Sep 28, 2025 7:24 pm",https://x.com/kurage_pancake,金井水月,CC BY-NC-ND 4.0
おやすみに続く言葉がおはようのしりとりだってふたりのルール,,,,"Sep 30, 2025 7:25 pm",https://x.com/hakka_kinoko,ベーグル,CC BY-NC-ND 4.0
ロジカルに見れば晴れでしょテーブルにレモンタルトがあるわけだから,日々の華。,,,"Oct 6, 2025 12:56 am",https://x.com/misosarasenryu,鯖虎,CC BY-NC-ND 4.0
さそり座は一位だったし信号は全部青だし鍵閉めたっけ,小さな幸せを噛み締めるとどこか不安を呼んでしまう性格のようです。,,,"Sep 30, 2025 10:40 am",https://x.com/nakamura_uonami,中村うおなみ,CC BY-NC-ND 4.0
父さんに聞けばよかった泣きながら私がキリンと写ってた理由《わけ》,,,,"Oct 5, 2025 9:18 pm",https://x.com/kijousan,宇井モナミ,CC BY-NC-ND 4.0
"生き物は縄張り持ちて安定する
距離を保てぬ人間（ひと）の苛立ち
",,,,"Oct 1, 2025 10:01 pm",,悲しみ,CC BY-NC-ND 4.0
振り向いてそして走って欲しいんだゴジラの前で僕が転けたら,,,,"Sep 30, 2025 5:33 am",https://x.com/sonatine_yuki,村川愉季,CC BY-NC-ND 4.0
少しだけ舐めた盃ゆらめいて三々九度が静かに終わる,,,,"Oct 3, 2025 7:02 am",https://x.com/nonaga0303,のなが,CC BY-NC-ND 4.0
触れられることの嬉しさ地層ならきっと貝塚が出来るあたりに,,,,"Oct 7, 2025 2:01 am",https://x.com/inan_erotica,インアン,CC BY-NC-ND 4.0
見切られたあとも世界は続くこと　訳ありやさい　ひび割れおかき,,,,"Oct 2, 2025 2:10 pm",https://x.com/tsu6gi_hoshi,星つむぎ,CC BY-NC-ND 4.0
コスモスの小道まっすぐ伸びており花占いはせず前を向く,,,,"Oct 5, 2025 9:17 pm",https://x.com/kijousan,宇井モナミ,CC BY-NC-ND 4.0
むせかえる葛の香りに包まれて帰った夜道もう戻らずに,,,,"Oct 6, 2025 12:35 pm",https://x.com/prune0s,瀧,CC BY-NC-ND 4.0
砂城《すなじろ》のような承認欲求を優しく崩すいいねはさざなみ,,,,"Oct 1, 2025 11:45 pm",https://x.com/rara_wcat_tanka,アサコル,CC BY-NC-ND 4.0
首筋の渇いた跡を舐めおればあなたが海だと気付いてしまう,,,,"Sep 30, 2025 6:45 pm",https://x.com/kikura_ge,キクラゲ,CC BY-NC-ND 4.0
かまきりがくわえるようにぎこちなく頸動脈を食むやはらかに,,,,"Oct 5, 2025 12:41 am",https://x.com/matsuqing,沙々キハム,CC BY-NC-ND 4.0
旅先のシャンプーに軋む髪に指引っかけながらしてく荷解き,,,,"Oct 6, 2025 8:38 am",https://x.com/Umi1146295,Umi.,CC BY-NC-ND 4.0
指先に祈りを込める　アトピーの君の背中に塗るステロイド,,,,"Oct 1, 2025 10:29 pm",https://x.com/tanankatoru,田仲トオル,CC BY-NC-ND 4.0
タバスコはからいというよりすっぱくて恋というより執着だった,,,,"Sep 30, 2025 1:02 pm",https://x.com/no_rain_no_kasa,琉生,CC BY-NC-ND 4.0
小舟ならあたしもきっと出せるしさ一人で泳がなくていいから,,,,"Oct 5, 2025 3:06 pm",https://x.com/nuts722,natsuko,CC BY-NC-ND 4.0
"《身体記憶》
指先があなたのことを覚えてる指紋の中に生きているから",,,,"Sep 28, 2025 6:59 pm",https://x.com/@sohbungaku,ソホ。,CC BY-NC-ND 4.0
このままで生きているのに死んでいてどこまでゆける　令和七年,,,,"Oct 1, 2025 6:21 am",https://x.com/haku_reimi89013 ,白黎海,CC BY-NC-ND 4.0
どの色を重ねた声で名を呼べばあなたのもとに届くでしょうか,,,,"Sep 29, 2025 8:04 pm",https://x.com/18necco18,宮緖かよ,CC BY-NC-ND 4.0
永遠になってほしくてわたくしの歌に何度も現れる祖母,,,,"Oct 2, 2025 12:01 pm",https://x.com/yarukatanashi,ヤマメ,CC BY-NC-ND 4.0
サイゼじゃね？　これはサイゼの機運じゃね？　バスを逃したのでサイゼへ行く,,,,"Sep 26, 2025 5:53 pm",https://x.com/osorakukajin,奈路 侃,CC BY-NC-ND 4.0
泣いても泣いても泣いても泣いても海にはなれない海にはなれない,,,,"Oct 1, 2025 11:43 pm",https://x.com/rara_wcat_tanka,アサコル,CC BY-NC-ND 4.0
"《夜景》
この夜景その一点は君だろういつも輝く君だったから",,,,"Sep 28, 2025 6:58 pm",https://x.com/@sohbungaku,ソホ。,CC BY-NC-ND 4.0
旬じゃない時期に生まれて誕生日ケーキの苺がいつも小さい,,,,"Sep 30, 2025 4:08 pm",https://x.com/kamedatakumi,亀田巧,CC BY-NC-ND 4.0
"犯さじの
一線軽く
踏み越えて
依る蜘蛛の糸
容易く堕ちる",,,,"Oct 1, 2025 4:40 pm",https://x.com/sizuru_ishi,石川静流,CC BY-NC-ND 4.0
児童館には西日の匂い満たされているヘルカイザー亮の指先,,,,"Sep 28, 2025 7:25 pm",https://x.com/kurage_pancake,金井水月,CC BY-NC-ND 4.0
君が息しやすい世界にしたいから私は泡となって消えるね,,,,"Oct 6, 2025 9:21 pm",https://x.com/4rn_L,よるん、,CC BY-NC-ND 4.0
冗談で貼ったシールが剥がれなくなってわたしは半額の人,初出：9/17 毎日文学『剥ぐ、剥がす』,,,"Oct 1, 2025 11:08 pm",https://x.com/RCodome,汐留ライス,CC BY-NC-ND 4.0
いつでも眠れるようにして綴るのは珊瑚になったあなたへの唄,,,,"Oct 6, 2025 9:32 pm",https://x.com/fujinamino586,藤波こはる,CC BY-NC-ND 4.0
パソコンを閉じた瞬間立ちあがる母と呼ばれる別の顔あり,,,,"Oct 1, 2025 8:28 am",https://x.com/rebelxduck,木ノ宮むじな,CC BY-NC-ND 4.0
少しずつ乾き始める膚には一周まわって糸瓜ローション,,,,"Oct 6, 2025 2:47 am",https://x.com/mizunonemuri1,水の眠り,CC BY-NC-ND 4.0
せめてもの慰めなれば両の手が救いの手へとなればと祈る,,,,"Oct 6, 2025 12:35 pm",https://x.com/prune0s,瀧,CC BY-NC-ND 4.0
シーツからやわらかく立つ香りごと抱き締め合えば永遠だった,,,,"Oct 1, 2025 6:24 am",https://x.com/haku_reimi89013 ,白黎海,CC BY-NC-ND 4.0
ぼくたちは鏡あわせの吸血鬼たがいの首を噛めずにいるね,,,,"Oct 5, 2025 5:54 pm",https://x.com/peak_0623,ホワイトアスパラ,CC BY-NC-ND 4.0
頂点に海の虚像が見えたときゴールテープを切った気がした,,,,"Oct 4, 2025 10:10 pm",https://x.com/@Tamonokidesu,戸倉田面木,CC BY-NC-ND 4.0
太陽の塔が背中を向けている隙に見つけたコスモスと虹,,,,"Oct 5, 2025 1:52 am",https://x.com/umi_tsukitokage,ツキミサキ,CC BY-NC-ND 4.0
"重症だ　あなたと同じ服を着たマネキンにまでときめくなんて
",,,,"Sep 29, 2025 8:06 pm",https://x.com/18necco18,宮緖かよ,CC BY-NC-ND 4.0
水中に還れぬふたり　水かきがなくてよかった　深く　絡める,,,,"Oct 2, 2025 2:59 pm",https://x.com/tsu6gi_hoshi,星つむぎ,CC BY-NC-ND 4.0
知識ではくじらがでかいと知ってるがワゴンRも割と大きい,初出：9/4 短歌記念日『鯨』,,,"Oct 1, 2025 11:06 pm",https://x.com/RCodome,汐留ライス,CC BY-NC-ND 4.0
身のうちに静かな氷室ひとつあり言えない言葉のすべてをしまう,,,,"Oct 3, 2025 7:00 am",https://x.com/nonaga0303,のなが,CC BY-NC-ND 4.0
君の見る月のかたちを僕も見る　口にはせずに駅まで歩く,,,,"Sep 30, 2025 5:34 am",https://x.com/sonatine_yuki,村川愉季,CC BY-NC-ND 4.0
海中のクラゲを月と見た人の孤悲は幸せだっただろうか,,,,"Oct 5, 2025 11:41 pm",https://x.com/36aoRu1Re4K4AbR,空虚 シガイ,CC BY-NC-ND 4.0
花びらも雨も運命《さだめ》も受けとめるために差しだす手のやわらかい,,,,"Oct 6, 2025 11:25 pm",https://x.com/yoshinani_tanka,よしなに,CC BY-NC-ND 4.0
泣きながら帰ることになるなんて キャッチのティッシュに救われている,,,,"Oct 2, 2025 12:02 pm",https://x.com/yarukatanashi,ヤマメ,CC BY-NC-ND 4.0
きみが御座《おわ》す場所は遍《あまね》く玉座ほら畳んだシャツも空き段ボールも,お題「王」で作った短歌です。わたしの短歌の「きみ」は常に猫なのですが、猫がいる家はおおよそこの内容に同意していただけるのではないかと。家の中で一番偉いのは猫、地べたには寝ずに何かの上に乗ります。その様子を少々大仰に。,,,"Oct 1, 2025 8:18 pm",https://x.com/Silbernekatze_,北乃銀猫,CC BY-NC-ND 4.0
君と僕は最初のキリン周りより長い首を隠して生きる,,,,"Oct 4, 2025 11:18 pm",https://x.com/okanocoelacanth,みぎひと,CC BY-NC-ND 4.0
"おとなって注射をしてもアンパンマンシールは貼って貰えないんだ
",,,,"Oct 1, 2025 3:59 am",https://x.com/kiroi_iorik,きいろい,CC BY-NC-ND 4.0
舞い降りた銀のエンジェル4枚目　あと1枚で会社を辞める,誰かに背中を押してほしくて。,,,"Sep 30, 2025 8:29 pm",https://x.com/MishinOga,大賀ミシン,CC BY-NC-ND 4.0
街に咲くはなばなの名をわれに説き名は愛だよとわれの名を呼ぶ,,,,"Sep 30, 2025 6:41 pm",https://x.com/morning__calm,朝凪たまご,CC BY-NC-ND 4.0
終わることは始まりだろう竹の花百年先は見知らぬ世界,,,,"Sep 30, 2025 6:03 pm",https://x.com/sorapoky,山口絢子,CC BY-NC-ND 4.0
あのひとはひだりへと 水たまりには紅葉ひとひら秋へゆく舟,,,,"Oct 1, 2025 7:58 am",https://x.com/Koharu_kura,くらたか湖春,CC BY-NC-ND 4.0
川べりをべりべり歩く　秋を踏むような感じがベリベリグッド,,,,"Oct 4, 2025 10:41 pm",https://x.com/ttmx6,畳川鷺々,CC BY-NC-ND 4.0
遠からんパンゲアの地に指を置きこども心のやうな境目,,,,"Oct 6, 2025 12:22 am",https://x.com/6r2Nh,納戸青,CC BY-NC-ND 4.0
ほんとうは驚いたけど驚いちゃだめな気がして握りかえした,,,,"Oct 2, 2025 2:09 pm",https://x.com/tsu6gi_hoshi,星つむぎ,CC BY-NC-ND 4.0
今生で選ばなかった未来たち書庫でおやすみ　いつか会おうね,,,,"Oct 5, 2025 1:32 am",https://x.com/leslie_bekkie,別木れすり,CC BY-NC-ND 4.0
"《君の詩、君の手》
君の詩も大好きだけどひたむきに詩を書いているその手、気になる",,,,"Sep 28, 2025 6:58 pm",https://x.com/@sohbungaku,ソホ。,CC BY-NC-ND 4.0
せがまれて抱き上げる猫しがみ付くTシャツの肩、穴の愛しき,,,,"Oct 1, 2025 9:15 pm",https://x.com/yoimane_57577,よいまね,CC BY-NC-ND 4.0
"密やかな祝福としてできるだけ多くに今日の日付を記す
",,,,"Sep 29, 2025 8:08 pm",https://x.com/18necco18,宮緖かよ,CC BY-NC-ND 4.0
「彼岸花を曼珠沙華という人が嫌い」母が僕より若かった頃,,,,"Sep 26, 2025 1:23 am",https://x.com/mukadeyakata,新井宗彦,CC BY-NC-ND 4.0
夏はもう終わってください　行合の空よ、ここにも秋をください,,,,"Oct 1, 2025 9:11 pm",https://x.com/yoimane_57577,よいまね,CC BY-NC-ND 4.0
わたくしがなりたいものは花でなく果実でもなくただの月です,,,,"Oct 6, 2025 3:16 pm",https://x.com/saku_furui,古井　朔,CC BY-NC-ND 4.0
あの人は私ではない人を待つ彼岸花のかんざし挿して,,,,"Sep 30, 2025 6:43 pm",https://x.com/morning__calm,朝凪たまご,CC BY-NC-ND 4.0
夕焼けはだれかの地獄かもしれず影の長さは嘘をつけない,,,,"Oct 6, 2025 11:26 pm",https://x.com/yoshinani_tanka,よしなに,CC BY-NC-ND 4.0
一度しか死ねない僕が水換えをする豆苗の緑　まぶしい,,,,"Oct 1, 2025 7:58 am",https://x.com/Koharu_kura,くらたか湖春,CC BY-NC-ND 4.0
さみしくはないよ 雪見だいふくはひとりでふたつ食うためにある,,,,"Oct 2, 2025 12:02 pm",https://x.com/yarukatanashi,ヤマメ,CC BY-NC-ND 4.0
憎しみの釘で黒豆煮てみたら　あらやだ　こんなに綺麗な黒だこと,,,,"Sep 30, 2025 6:46 pm",https://x.com/kikura_ge,キクラゲ,CC BY-NC-ND 4.0
この街の片隅にひとり根を下ろす古葉を散らす風抱きしめて,,,,"Oct 3, 2025 7:03 am",https://x.com/nonaga0303,のなが,CC BY-NC-ND 4.0
ささくれは君が私を想うときそんな迷信　拡散キボンヌ,,,,"Sep 30, 2025 7:17 pm",https://x.com/huGaku17,huGaku,CC BY-NC-ND 4.0
茹でたての餃子みたいな月だった何にもなくて駅に向かった,,,,"Oct 2, 2025 12:54 am",https://x.com/yukikaze_3710,雪風みなと,CC BY-NC-ND 4.0
飛んでったたった三日でやりよった私は今日も四トンの前,,,,"Sep 28, 2025 11:33 pm",https://x.com/suu_0421,すぅ,CC BY-NC-ND 4.0
何ものも殺さず生きているものを殺して美しいサラダです,,,,"Oct 1, 2025 5:55 am",https://x.com/OkadaDouitsu,岡田道一,CC BY-NC-ND 4.0
"道端に仰向けになる蝉　ちゃんと恋をしたのか愛は見えたか
",,,,"Sep 29, 2025 8:07 pm",https://x.com/18necco18,宮緖かよ,CC BY-NC-ND 4.0
車できみと別れた後　残り香がつらいしマクド寄って消そうか,車のなかの残り香が君を思い出させて辛いので、この主人公はマクドナルドのおいしいにおいで掻き消そうとしています。,,,"Oct 6, 2025 9:46 pm",https://x.com/finalkanidoumei,土佐ｱｳﾞｧﾝﾁｭｰﾙぱす汰,CC BY-NC-ND 4.0
０と１その狭間で振動しているコレが「ココロ」ですか、マスター,,,,"Oct 1, 2025 10:39 am",https://x.com/Itsuki_Mao,しみず,CC BY-NC-ND 4.0
永遠に日曜日だというようなシチメンソウの群生地をゆく,,,,"Sep 30, 2025 4:09 pm",https://x.com/kamedatakumi,亀田巧,CC BY-NC-ND 4.0
真剣に悲しみたいのに老犬に顔をくまなく舐められている,,,,"Sep 30, 2025 11:09 pm",https://x.com/awoi_up20,あをい,CC BY-NC-ND 4.0
どうしたら助かるだろう虚しくも打ち上げられた鯨のようだ,,,,"Sep 30, 2025 10:36 pm",https://x.com/tanimanon258x,谷まのん,CC BY-NC-ND 4.0
果たせなくてもゆるい約束したこと密やかな秋の栞にして,,,,"Oct 1, 2025 8:24 pm",https://x.com/zeronokamides,ゼロの紙,CC BY-NC-ND 4.0
天国の至る所にシアターがあります思い出上映します,,,,"Oct 1, 2025 5:23 pm",https://x.com/iam_yukarigohan,ゆかりごはん,CC BY-NC-ND 4.0
"夏終わり残暑絶えなく暦だけ先に進んで始まる長月
",,,,"Sep 28, 2025 10:22 pm",https://x.com/kazeki_mori,森風輝,CC BY-NC-ND 4.0
死にたくも生きたくもない　ささくれをちぎる僕　滲む赤のうつくし,,,,"Oct 6, 2025 1:32 am",https://x.com/yoshiharumichi,吉晴　路,CC BY-NC-ND 4.0
希死念慮のさなかでも野菜室のあのつやつやがめんどくさい,,,,"Oct 1, 2025 8:23 pm",https://x.com/zeronokamides,ゼロの紙,CC BY-NC-ND 4.0
秘密基地の夢ばかりみるチョコレートコスモス好きな人の幸せ,,,,"Oct 6, 2025 12:19 am",https://x.com/6r2Nh,納戸青,CC BY-NC-ND 4.0
コスモスをマクロレンズで撮る時に彼女は少しミツバチになる,,,,"Sep 30, 2025 11:35 pm",https://x.com/awoi_up20,あをい,CC BY-NC-ND 4.0
繋がれた首輪なんかを夢想した末の言葉の絡む足元,言い訳の言葉の重く。,,,"Oct 6, 2025 12:57 am",https://x.com/misosarasenryu,鯖虎,CC BY-NC-ND 4.0
銀のカトラリーを贈る 洋梨の香りと共にゆるりとお眠り,,,,"Sep 30, 2025 5:34 pm",https://x.com/aoha_tsukise,月瀬 葵葉,CC BY-NC-ND 4.0
電線の一本ずつに家があり「がやがや」と書くぼくの「助けて」,,,,"Oct 1, 2025 6:43 am",https://x.com/@hijyouguchi_dot,非常口ドット,CC BY-NC-ND 4.0
眠るって擬似的な死で何度でも生まれなおしてあなたと出会う,,,,"Oct 4, 2025 12:38 am",https://x.com/_akino_tsuki_,あきの　つき,CC BY-NC-ND 4.0
息のおと窓のあわいにとけていく矛盾脱衣で比喩だけのせて,,,,"Oct 6, 2025 6:58 am",https://x.com/plympull,ぷりんぷる,CC BY-NC-ND 4.0
この距離であなたの空を見せられて私はそこでうまく飛びたい,,,,"Oct 4, 2025 8:02 pm",https://x.com/spring_bird_gr,はるかぜ,CC BY-NC-ND 4.0
永久に眩しいままでいてほしい全て滅びた銀河系でも,,,,"Oct 4, 2025 12:37 am",https://x.com/_akino_tsuki_,あきの　つき,CC BY-NC-ND 4.0
本当はあなたが食べるはずだったポンデリングわたしが食べるから　空へ,,,,"Sep 28, 2025 7:24 pm",https://x.com/kurage_pancake,金井水月,CC BY-NC-ND 4.0
寂しさは気づいたら最後根を張りて気力の源泉枯らしてしまえり,「寂しい」と思った時点で負けなんです。,,,"Sep 29, 2025 7:28 pm",https://x.com/Precure_Yoisho,よいしょ上手の高木さん,CC BY-NC-ND 4.0
泣きたいと言って泣いていいよと言う君がいると笑いたくなる,,,,"Sep 30, 2025 9:27 pm",https://x.com/_05_maryo,井山カナ,CC BY-NC-ND 4.0
三年で恋も実ってくれるなら イガさえ強く抱きしめるのに,,,,"Oct 6, 2025 4:24 pm",https://x.com/Aiyu_Myoi,明井愛結,CC BY-NC-ND 4.0
あゝきみがいつも掃除をしてくれた負の感情が散らかっている,,,,"Sep 30, 2025 8:24 am",https://x.com/l0vemash,真朱,CC BY-NC-ND 4.0
はとバスのババア色めき立つ夜景二徹の俺を孕み瞬く,,,,"Oct 1, 2025 12:32 pm",https://x.com/TEN_57577,てん,CC BY-NC-ND 4.0
麻酔効き　「自分不器用ですから」と　執刀医から　告げられる夢,先週、緊急手術で小腸の一部を切断。今週退院できました。,,,"Sep 22, 2025 9:09 am",,タッチャン,CC BY-NC-ND 4.0
でことでこくっつけて熱測ること夢見て一人冷えピタを貼る,,,,"Oct 1, 2025 8:45 am",https://x.com/kikyo_nakano,仲野キキョウ,CC BY-NC-ND 4.0
そうやって欠片を探し填めていく継ぎ接ぎだらけ愛しい生きもの,心の隙間を埋めるために色んな欠片を探してはその隙間に填めていく。様々なもので隙間を埋められた姿はかなしくていとおしい人間の姿だなぁと思い詠みました。,,,"Sep 30, 2025 9:35 am",https://x.com/mizu_tama_konko,水玉子,CC BY-NC-ND 4.0
ネガティブを煮詰め煮詰めて出来上がるこころの中に蠱毒な孤独,,,,"Oct 3, 2025 8:50 pm",https://x.com/suimitudou16,睡密堂,CC BY-NC-ND 4.0
溶けかけたメロンソーダの白濁に曖昧な言葉かぶせる君は,,,,"Oct 6, 2025 2:47 am",https://x.com/mizunonemuri1,水の眠り,CC BY-NC-ND 4.0
母が百わたしが七十六才で年の差ちぢむ老々予想図,,,,"Oct 6, 2025 9:35 pm",https://x.com/daigakuimo3717,山野たみ,CC BY-NC-ND 4.0
本を閉じ目を閉じた君の両の手の祈りのように閉じたてのひら,,,,"Oct 1, 2025 10:39 am",https://x.com/Itsuki_Mao,しみず,CC BY-NC-ND 4.0
四天王ふたりが時短勤務なの加味してよくぞきたな勇者よ,,,,"Oct 5, 2025 12:41 am",https://x.com/matsuqing,沙々キハム,CC BY-NC-ND 4.0
孵化を待つ雛のように職員用駐車場にて仮眠するひと,,,,"Oct 2, 2025 12:00 pm",https://x.com/yarukatanashi,ヤマメ,CC BY-NC-ND 4.0
"《次はハグ》
寒がりの君に上着をさりげなく渡したけれどハグしたかった",,,,"Sep 28, 2025 6:59 pm",https://x.com/@sohbungaku,ソホ。,CC BY-NC-ND 4.0
泣きながら歩きつつ見るスマホにはパンダが生まれたニュースの通知,,,,"Oct 7, 2025 12:07 am",https://x.com/RAGE0406,紅生姜天ひやむぎっ,CC BY-NC-ND 4.0
入れ替えると言えば気持ちは風であり恋の記憶の部屋ふきぬける,,,,"Sep 30, 2025 4:08 pm",https://x.com/kamedatakumi,亀田巧,CC BY-NC-ND 4.0
オパールのやわい光にとろめいて今宵の夢はミルクの香り,,,,"Sep 30, 2025 5:33 pm",https://x.com/aoha_tsukise,月瀬 葵葉,CC BY-NC-ND 4.0
一枚を重ねて重ねてかじり取る厚み味わい日常バーガー,,,,"Sep 26, 2025 1:54 am",https://x.com/mukadeyakata,新井宗彦,CC BY-NC-ND 4.0
満潮が足跡消してゆくように忘れることで救われている,,,,"Sep 30, 2025 6:04 pm",https://x.com/sorapoky,山口絢子,CC BY-NC-ND 4.0
夕やけを追って背中は半月に追われて帰る国道ぞいを,,,,"Oct 6, 2025 2:44 am",https://x.com/mizunonemuri1,水の眠り,CC BY-NC-ND 4.0
時間から取り残されし祖父に宛て　変わりゆく葉と空気を入れ閉ず,,,,"Oct 6, 2025 1:32 am",https://x.com/yoshiharumichi,吉晴　路,CC BY-NC-ND 4.0
友達がひとりもいないあなたには余ったクレヨン塗ってあげるね,,,,"Oct 4, 2025 10:41 pm",https://x.com/ttmx6,畳川鷺々,CC BY-NC-ND 4.0
一葉に映る残像青春はたしかに君で創られた城,,,,"Sep 30, 2025 3:13 pm",https://x.com/Amamiyaamaki,雨宮雨霧,CC BY-NC-ND 4.0
星の名の丘を流れる川そこにあなたの痕をさがす手のひら,,,,"Oct 6, 2025 11:25 pm",https://x.com/yoshinani_tanka,よしなに,CC BY-NC-ND 4.0
半袖のシャツがはためくバイバイとまたねの手話は違うんだって,,,,"Oct 4, 2025 12:39 am",https://x.com/_akino_tsuki_,あきの　つき,CC BY-NC-ND 4.0
窓のない部屋で暮らそう　太陽も月も僕には眩しすぎるから,,,,"Oct 1, 2025 11:46 pm",https://x.com/rara_wcat_tanka,アサコル,CC BY-NC-ND 4.0
春風が貸した小説繰る昼に君と話した情景にいる,,,,"Oct 6, 2025 9:25 pm",https://x.com/fujinamino586,藤波こはる,CC BY-NC-ND 4.0
切らないで欠伸しなが僕は言う今日の終わりを君と一緒に,,,,"Oct 1, 2025 8:54 am",https://x.com/kikyo_nakano,仲野キキョウ,CC BY-NC-ND 4.0
白昼の夢　参道を駆けぬけて神泥棒の名をほしいまま,,,,"Oct 1, 2025 5:24 pm",https://x.com/iam_yukarigohan,ゆかりごはん,CC BY-NC-ND 4.0
かなしみの欠片こぼれて光るのを空にまいたら満天の星,,,,"Oct 5, 2025 1:50 pm",https://x.com/moonnight_rain,月夜の雨,CC BY-NC-ND 4.0
ポータブル夜です　僕の中でしか泣けないときもあるんでしょ、来て,,,,"Oct 5, 2025 1:33 am",https://x.com/leslie_bekkie,別木れすり,CC BY-NC-ND 4.0
アオハルが眩しすぎて壁に寄る娘の高校今日文化祭,おじさんには弾ける若さが眩しかったです,,,"Sep 28, 2025 10:24 pm",https://x.com/kazeki_mori,森風輝,CC BY-NC-ND 4.0
炭酸のほとんど抜けたサイダーのペットボトルは未だ透明,,,,"Oct 6, 2025 11:49 pm",https://x.com/RAGE0406,紅生姜天ひやむぎっ,CC BY-NC-ND 4.0
追ってくる焼肉の煙惜しむためハッカ飴舐め駐車場に出る,,,,"Oct 1, 2025 7:32 am",https://x.com/SdkyvYNyii36997,たな,CC BY-NC-ND 4.0
ひとりなら迷子と呼ばれることもなく目印のない森にて暮らせ,,,,"Sep 30, 2025 8:12 am",https://x.com/MeFuchsia,綿鍋和智子,CC BY-NC-ND 4.0
窓を打つ強い雨粒　正直に泣けない大人になってしまった,,,,"Oct 1, 2025 5:28 pm",https://x.com/mskpompomfuwa23,まさけ,CC BY-NC-ND 4.0
寝ぼけるななにに縋ってやがるんだとっくの昔に殺したくせに,,,,"Sep 20, 2025 6:22 am",https://x.com/tatsuyananasino,七篠龍也,CC BY-NC-ND 4.0
濡れた服乾くまではと引き止めてそこから先の言葉飲み込む,帰らないで、となかなか言えない。始まりそうで始まらない、もどかしい恋を詠みました,,,"Oct 5, 2025 6:17 pm",https://x.com/tyrannos818181,さに。,CC BY-NC-ND 4.0
羊雲 ゆうれいたちも衣替えしたらふわふわ月の彼方へ,,,,"Sep 30, 2025 5:35 pm",https://x.com/aoha_tsukise,月瀬 葵葉,CC BY-NC-ND 4.0
あこがれを無邪気なままで終わらせて諳(そら)んじている裸婦たちの名を,,,,"Oct 6, 2025 12:20 am",https://x.com/6r2Nh,納戸青,CC BY-NC-ND 4.0
この星を容れ物にして今もまだ蠱毒をしてる悲しき僕ら,世界平和を。,,,"Sep 30, 2025 8:33 pm",https://x.com/MishinOga,大賀ミシン,CC BY-NC-ND 4.0
隣では光ってしまう生き物で君は代わりに酸素をくれる,お題「光合成」で詠んだ歌です。,,,"Sep 30, 2025 9:27 am",https://x.com/mizu_tama_konko,水玉子,CC BY-NC-ND 4.0
だれよりもまじわるボクとキミだからいづれか星となりてかがやく,,,,"Oct 6, 2025 9:31 pm",https://x.com/fujinamino586,藤波こはる,CC BY-NC-ND 4.0
ね。大人の恋愛だから。サイダーとスパークリングワインの泡立ち,,,,"Oct 3, 2025 4:59 pm",https://x.com/murasameshinco,ムラサメシンコ,CC BY-NC-ND 4.0
脱皮した人魚の鱗に口づけて永遠という味を知る夏,,,,"Oct 1, 2025 11:46 pm",https://x.com/rara_wcat_tanka,アサコル,CC BY-NC-ND 4.0
この鶏冠向いてる方がフロンティア牧場をゆくチャボの足取り,,,,"Sep 30, 2025 8:11 am",https://x.com/MeFuchsia,綿鍋和智子,CC BY-NC-ND 4.0
棒一本羽ばたけ鳥人世界記録六メートルと三十センチ,世界陸上の棒高跳びで世界新記録を更新したスウェーデンのデュプランティス選手を見て詠んでみました。とっても格好がよかったです。,,,"Oct 3, 2025 4:42 pm",https://x.com/fromshino,篠崎蓮,CC BY-NC-ND 4.0
よる　窓を開けて素肌にサイレンが染み込むわたし皆既月食,,,,"Oct 1, 2025 5:26 pm",https://x.com/iam_yukarigohan,ゆかりごはん,CC BY-NC-ND 4.0
のりしろのような長袖たくし上げ秋めく空に洗濯物干す,,,,"Oct 1, 2025 8:27 am",https://x.com/rebelxduck,木ノ宮むじな,CC BY-NC-ND 4.0
スペクトル 屈折率が違うので青しか反射しない青春,,,,"Oct 1, 2025 9:14 pm",https://x.com/kitakitsune77,北狐,CC BY-NC-ND 4.0
お風呂場を一心不乱擦っては境目がやや薄まるわたし,,,,"Oct 1, 2025 12:34 pm",https://x.com/TEN_57577,てん,CC BY-NC-ND 4.0
ひ、と打って火曜の書類を焚べてゆく　遠い異国の供物のように,,,,"Oct 6, 2025 9:15 am",https://x.com/spring_bird_gr,はるかぜ,CC BY-NC-ND 4.0
寄り添える樹木も母ももうなくて麒麟は夜を走り続ける,,,,"Oct 7, 2025 2:26 am",https://x.com/OnakaSuiTanka,小仲翠太,CC BY-NC-ND 4.0
ぴらにあだってやさいをたべたいよるがある　しかられたひ　はやくねたいひ,,,,"Sep 30, 2025 7:19 pm",https://x.com/huGaku17,huGaku,CC BY-NC-ND 4.0
"
ヒーローを気取らせて右手首にはじっとりとしたアザ残っても",,,,"Oct 6, 2025 10:34 pm",https://x.com/AisaiNyawo,藍彩にゃを,CC BY-NC-ND 4.0
潮吹きの感覚をまだおぼえてるような気がする海にいた頃,ヘンな夢をよく見るのですが、鯨になった夢を見たことがあり、そのときに思いきり潮を吹いたとき、夢ながら爽快感がありました。生物はもともと海にいましたから、海の記憶が何がしか残っているのかもしれません。,,,"Oct 1, 2025 8:11 pm",https://x.com/Silbernekatze_,北乃銀猫,CC BY-NC-ND 4.0
かなしみの海を渡れば各々の水の匂いと辛さがあった,辛さの読みは「からさ」と「つらさ」どちらの読みでも構わないと思っています。日本語と漢字の面白さですね。,,,"Oct 6, 2025 12:18 am",https://x.com/tenran_harugiri,せんぱい,CC BY-NC-ND 4.0
デパートの大理石の中囲われたアンモナイトはすっぱり割られ,,,,"Oct 6, 2025 12:19 am",https://x.com/tenran_harugiri,せんぱい,CC BY-NC-ND 4.0
目配せて逢瀬を重ねるあの人の日焼けの理由は知らない、聞かない,,,,"Oct 1, 2025 9:09 pm",https://x.com/hHgTbveVDS60586,まろ,CC BY-NC-ND 4.0
さよならの語源を想う　さようなら夏のすべては泡沫でした,,,,"Oct 4, 2025 12:38 am",https://x.com/_akino_tsuki_,あきの　つき,CC BY-NC-ND 4.0
世界にはぱりぱりしている桃もあり、タフな私もどこかにいるはず,,,,"Oct 5, 2025 1:32 am",https://x.com/leslie_bekkie,別木れすり,CC BY-NC-ND 4.0
指を絡めじーんとしみて思い出すささくれ、恋をしている私,,,,"Oct 6, 2025 4:23 pm",https://x.com/Aiyu_Myoi,明井愛結,CC BY-NC-ND 4.0
幸せなはずなんだって言い聞かせ「自分殺害事件」を起こす,,,,"Oct 5, 2025 11:42 pm",https://x.com/36aoRu1Re4K4AbR,空虚 シガイ,CC BY-NC-ND 4.0
一歩ずつ進むが肝心だと言うが歩幅はみんな一緒じゃないんだ,一歩が大きい人にはついていけない。歩くスピードだって同じ。逃れられない呪縛。,,,"Sep 28, 2025 6:15 pm",https://x.com/Precure_Yoisho,よいしょ上手の高木さん,CC BY-NC-ND 4.0
秋風をなぞれば赤い腕となり枯れることなく血はまた巡る,,,,"Oct 4, 2025 10:07 pm",https://x.com/@Tamonokidesu,戸倉田面木,CC BY-NC-ND 4.0
青い実をついばむやうに頤をあなたの肩に止まらせてゐる,,,,"Oct 1, 2025 7:59 am",https://x.com/Koharu_kura,くらたか湖春,CC BY-NC-ND 4.0
花束を抱え直して歩く夜生きてる香りに泣きそうになる,,,,"Oct 1, 2025 8:25 pm",https://x.com/zeronokamides,ゼロの紙,CC BY-NC-ND 4.0
アルクアラウンドしたいが、でも、できない、虫の音サラウンドなこの夜道,,,,"Sep 26, 2025 5:54 pm",https://x.com/osorakukajin,奈路 侃,CC BY-NC-ND 4.0
後れ毛を櫛で撫で上げ母さんの結界はかたく透明だった,,,,"Oct 6, 2025 2:45 am",https://x.com/mizunonemuri1,水の眠り,CC BY-NC-ND 4.0
月白くネットトレンドに厭世のまんがのコマが群がってくる,,,,"Oct 4, 2025 10:42 pm",https://x.com/ttmx6,畳川鷺々,CC BY-NC-ND 4.0
失敗も糧になっていると信じタイムマシンは乗らないでおく,,,,"Sep 30, 2025 8:47 am",https://x.com/blue_navy_color,青色紺色,CC BY-NC-ND 4.0
ふたりで迷いたかっただけなのに迷わずに行けと君が言う,,,,"Oct 1, 2025 8:24 pm",https://x.com/zeronokamides,ゼロの紙,CC BY-NC-ND 4.0
振り向けば鬼は私を追ってこずごっこ遊びは日の暮れるまで,,,,"Oct 5, 2025 9:16 pm",https://x.com/kijousan,宇井モナミ,CC BY-NC-ND 4.0
ため息のたったひとつに刺殺され鯨の息継ぎだったとしても,,,,"Oct 6, 2025 2:45 am",https://x.com/mizunonemuri1,水の眠り,CC BY-NC-ND 4.0
二度寝して出会わなかった運命に二度寝で出会う三十年後,二度寝して寝坊した経験から、運命の良し悪しが少しのことで変わることもあるんだということを詠んでみました。,,,"Oct 5, 2025 6:39 pm",https://x.com/tyrannos818181,さに。,CC BY-NC-ND 4.0
白ご飯ふんわりむすんで漆黒の海苔で巻いたらおむすび至福,,,,"Oct 1, 2025 3:01 pm",https://x.com/takosan_kcr,たこの粥,CC BY-NC-ND 4.0
錆くさい遊具が味方だった頃 世界を揺らす側だった頃,,,,"Oct 1, 2025 9:13 pm",https://x.com/kitakitsune77,北狐,CC BY-NC-ND 4.0
「何にする？」少しおとなに見られたいなのに思わず「メロンソーダ」と　,Xで歌人暗がりさんが企画された「#メロンソーダ短歌」に参加したときの短歌です。子どもの頃の大好物ですが、体調の関係で今は飲めなくなってしまったさみしい気持ちを、若かりし頃の酸っぱい思い出を（甘酸っぱくない）練り込みました。,,,"Oct 1, 2025 8:07 pm",https://x.com/Silbernekatze_,北乃銀猫,CC BY-NC-ND 4.0
真夜中のSNSはテロリスト誰も箸を止められない,「飯テロ」を短歌にしました。,,,"Oct 3, 2025 11:47 am",https://x.com/91com,棚果輪,CC BY-NC-ND 4.0
自販機の灯りが君の半分を照らしていたね　月のない夜,,,,"Oct 1, 2025 10:30 pm",https://x.com/tanankatoru,田仲トオル,CC BY-NC-ND 4.0
この星の食物連鎖の頂点でいいねの数に落ち込んでいる,,,,"Oct 4, 2025 11:18 pm",https://x.com/okanocoelacanth,みぎひと,CC BY-NC-ND 4.0
ないはずの本物になるためだけに何度も比喩を重ねて纏う,,,,"Oct 4, 2025 8:24 pm",https://x.com/teto_starlight,てと,CC BY-NC-ND 4.0
loveなのかlikeなのかが難しいパフェとサンデーが似てるみたいに,,,,"Oct 5, 2025 11:42 pm",https://x.com/36aoRu1Re4K4AbR,空虚 シガイ,CC BY-NC-ND 4.0
王子でも大工の子でもないぼくに救えはしないだろうけど、でも,,,,"Sep 15, 2025 2:58 pm",https://x.com/YuzukiSakurai,桜井弓月,CC BY-NC-ND 4.0
始まりの歩行器を経てもう一度使う歩行器生きんがために,,,,"Oct 6, 2025 9:42 pm",https://x.com/daigakuimo3717,山野たみ,CC BY-NC-ND 4.0
見慣れないレジのおばさん学生さん値引きシールのないお惣菜,,,,"Oct 1, 2025 5:21 pm",https://x.com/marja0312tk,まる弥,CC BY-NC-ND 4.0
喧嘩した夜だとしても寝る前に愛していると伝えるあなた,,,,"Sep 30, 2025 6:42 pm",https://x.com/morning__calm,朝凪たまご,CC BY-NC-ND 4.0
我を射す光のような目があって闇夜が一部ねこ型になる,,,,"Oct 6, 2025 5:06 pm",https://x.com/hisakatanote,久方リンネ,CC BY-NC-ND 4.0
みぎひだり同じ大きさにつくられた靴がわたしを歪だと言う,,,,"Sep 30, 2025 11:10 pm",https://x.com/aonosaku31,青野 朔,CC BY-NC-ND 4.0
スマホから暖房・ライトをつけるから　きみは部屋にいなくてもいい,何でもスマホでできるようになったから、もう君が部屋にいてくれなくてもいい（恋人はいらない）という歌です。,,,"Oct 6, 2025 9:43 pm",https://x.com/finalkanidoumei,土佐ｱｳﾞｧﾝﾁｭｰﾙぱす汰,CC BY-NC-ND 4.0
お互いに(君もまだ寝ているから)と 二度寝ラリーは続いて正午,,,,"Oct 6, 2025 4:23 pm",https://x.com/Aiyu_Myoi,明井愛結,CC BY-NC-ND 4.0
萌え袖をしてるあの子を見る度にかわいいだけでいいって思う,,,,"Sep 30, 2025 9:18 pm",https://x.com/kiriyamatouta31,桐谷やまと,CC BY-NC-ND 4.0
緑くんおそらく君のことだから夜には夜の日傘持ってる,緑くんはそういう奴,,,"Oct 5, 2025 8:17 pm",https://x.com/Are_you_Sayoko,四辻つつじ,CC BY-NC-ND 4.0
もうダメだ口癖になりごまかしにピンクスパイダー鼻歌つなぐ,,,,"Sep 26, 2025 1:56 am",https://x.com/mukadeyakata,新井宗彦,CC BY-NC-ND 4.0
思い出のいやなことばかり鮮やかでまち針つけたままのスカート,,,,"Sep 30, 2025 11:12 pm",https://x.com/aonosaku31,青野 朔,CC BY-NC-ND 4.0
靴紐が解けそう　君は気付かない　私は結びなおさない　秋,,,,"Oct 5, 2025 10:40 am",https://x.com/Umi1146295,Umi.,CC BY-NC-ND 4.0
にわにはにわにわとりがいるいるけれど隣の庭の芝生は青い,,,,"Oct 1, 2025 10:37 am",https://x.com/Itsuki_Mao,しみず,CC BY-NC-ND 4.0
両親と違う名字になった日の国境は越えぬ機体の離陸,,,,"Oct 5, 2025 10:43 am",https://x.com/Umi1146295,Umi.,CC BY-NC-ND 4.0
そとづらがいいだけですと母の声　家庭訪問の日から深爪,,,,"Oct 2, 2025 2:07 pm",https://x.com/tsu6gi_hoshi,星つむぎ,CC BY-NC-ND 4.0
揚げナスは出汁と希望を吸い込んでつやつや光るあしたへ続く,,,,"Sep 30, 2025 8:23 am",https://x.com/l0vemash,真朱,CC BY-NC-ND 4.0
手の中で遠くのように鳴る鈴を付けた猫実は昨日から来た,,,,"Sep 26, 2025 1:52 am",https://x.com/mukadeyakata,新井宗彦,CC BY-NC-ND 4.0
バスで行く免許センター法律の上で私は車に乗れる,身分証更新。,,,"Oct 6, 2025 12:59 am",https://x.com/misosarasenryu,鯖虎,CC BY-NC-ND 4.0
冬だろう　多分　私が口を開けたままで死ぬことになる季節は,,,,"Sep 28, 2025 7:25 pm",https://x.com/kurage_pancake,金井水月,CC BY-NC-ND 4.0
暖流の火照りを含みウミネコの卵をそっと撫でる潮風,,,,"Oct 1, 2025 12:48 pm",https://x.com/mintozuku,辰野音子,CC BY-NC-ND 4.0
借景となった最後の文化祭それでも打ち上げ終わりの夜風は,,,,"Sep 26, 2025 5:52 pm",https://x.com/osorakukajin,奈路 侃,CC BY-NC-ND 4.0
彼岸花葉のなくて花の盛れるを染井吉野に似つるとおもふ,,,,"Oct 1, 2025 2:26 am",https://x.com/@aca_tabby,眠る金魚,CC BY-NC-ND 4.0
彼岸花揺れる宙を撮り重ね　　風になった君に逢いたい,,,,"Oct 6, 2025 1:31 am",https://x.com/yoshiharumichi,吉晴　路,CC BY-NC-ND 4.0
平日の夜だけ来ては奪ってく時間、潤い、微かな希望,私自身が「不倫、ダメ、絶対」派なので、こうやって貴重な平日の時間を簡単に奪う男どもへ向けた牽制と、若い女の子達へ時間を無駄にしないでーという想いを込めました。,,,"Oct 5, 2025 6:24 pm",https://x.com/tyrannos818181,さに。,CC BY-NC-ND 4.0
中心に信じた核を持ってるかアコヤ貝から真珠ができる,,,,"Sep 30, 2025 10:40 pm",https://x.com/tanimanon258x,谷まのん,CC BY-NC-ND 4.0
"ここに生ま
れますよと見た
カタログの
世界はも少し
イージーモード",どこかの国のトップの方すら、なんとなくやつれたなァ、て。普段怖くてまともに観られないテレビのニュースたまに観たらこれで。お疲れ様です、世界。,,,"Oct 3, 2025 7:10 pm",https://x.com/yossykichi,吉井ヨッシー,CC BY-NC-ND 4.0
"転がる音
突き取りあげ
書き集め  
荒野にも似た
言葉に根差す",,,,"Oct 1, 2025 4:43 pm",https://x.com/sizuru_ishi,石川静流,CC BY-NC-ND 4.0
嘘ばかり染みた素肌を本心で抱かれるときの潜熱　痛い,,,,"Oct 1, 2025 5:23 pm",https://x.com/iam_yukarigohan,ゆかりごはん,CC BY-NC-ND 4.0
お喋りの女子高生が通り過ぎわちゃわちゃわちゃとコスモス笑う,,,,"Sep 30, 2025 10:38 pm",https://x.com/tanimanon258x,谷まのん,CC BY-NC-ND 4.0
「バフンウニと名付けた人はバフンウニに刺される覚悟があったと思う？」,,,,"Oct 2, 2025 12:52 am",https://x.com/yukikaze_3710,雪風みなと,CC BY-NC-ND 4.0
"うつくしいうつくしいひと
うつくしい
これより重いかなしみはない",,,,"Oct 1, 2025 6:22 am",https://x.com/haku_reimi89013 ,白黎海,CC BY-NC-ND 4.0
白杖のリズムにこどもたちは踊る　弱いほのおに影はゆらめく,,,,"Oct 4, 2025 10:42 pm",https://x.com/ttmx6,畳川鷺々,CC BY-NC-ND 4.0
かぎかっこかっことじる　今はもうなにも言えないくちびるがある,,,,"Oct 1, 2025 3:58 am",https://x.com/kiroi_iorik,きいろい,CC BY-NC-ND 4.0
言葉など無くてもきっと結ばれていると思った不確かな手,言葉にしないと分からない約束もあります,,,"Sep 28, 2025 10:26 pm",https://x.com/kazeki_mori,森風輝,CC BY-NC-ND 4.0
今日もまた変われなかった　爪を切る　小指から順に夜が更け行く,,,,"Oct 6, 2025 1:29 am",https://x.com/yoshiharumichi,吉晴　路,CC BY-NC-ND 4.0
ほらまたね約束プラス三十分母の時計はゆうらり回る,,,,"Oct 6, 2025 9:45 pm",https://x.com/daigakuimo3717,山野たみ,CC BY-NC-ND 4.0
立ち上がるしかないだろうここからは転調をするわたしのアリア,,,,"Oct 4, 2025 8:24 pm",https://x.com/teto_starlight,てと,CC BY-NC-ND 4.0
ささくれた小さな傷だと放置したどんどん膿んで治らずにいる,,,,"Oct 6, 2025 12:34 pm",https://x.com/prune0s,瀧,CC BY-NC-ND 4.0
神さまはいじわる救難信号もほんとは全部聞こえてるでしょ？,,,,"Sep 30, 2025 8:32 pm",https://x.com/MishinOga,大賀ミシン,CC BY-NC-ND 4.0
軽やかに回るイルカの口先に海を記した傷痕、ざらり,,,,"Oct 1, 2025 12:48 pm",https://x.com/mintozuku,辰野音子,CC BY-NC-ND 4.0
タピオカを一粒残らず吸い上げたきみは世界を救った顔で,,,,"Sep 30, 2025 7:24 pm",https://x.com/hakka_kinoko,ベーグル,CC BY-NC-ND 4.0
不思議だね何が分けたの君と僕触れる鏡は同じ鼓動で,双子お題にて詠ませていただいたものです,,,"Sep 30, 2025 11:17 pm",https://x.com/irusousaku,アリタ別館,CC BY-NC-ND 4.0
焦げてゆく鮎を見ながら夜を越す一人で座る炉端の隣,,,,"Sep 30, 2025 3:13 pm",https://x.com/Amamiyaamaki,雨宮雨霧,CC BY-NC-ND 4.0
静けさに小指の呼吸ひとつだけ　触れて清らにQと君とが,,,,"Oct 6, 2025 6:59 am",https://x.com/plympull,ぷりんぷる,CC BY-NC-ND 4.0
国道のセブンの光　向かい合うセブンイレブン跡地を照らす,,,,"Oct 5, 2025 12:42 am",https://x.com/matsuqing,沙々キハム,CC BY-NC-ND 4.0
結婚もせずにいっしょにいれるならそれっていちばん愛じゃないかな,,,,"Sep 30, 2025 9:28 pm",https://x.com/_05_maryo,井山カナ,CC BY-NC-ND 4.0
せせらぎで息のできない蜘蛛だからもがいて生きる糸を吐きつつ,,,,"Oct 1, 2025 3:02 pm",https://x.com/takosan_kcr,たこの粥,CC BY-NC-ND 4.0
"神さまが没になさった小説の主人公かもしれないわたし
",,,,"Oct 1, 2025 3:59 am",https://x.com/kiroi_iorik,きいろい,CC BY-NC-ND 4.0
背骨の間を縫う鷹の行先はどこか人体を外れ,,,,"Sep 19, 2025 11:32 pm",,ビート単価,CC BY-NC-ND 4.0
神様に舌打ちされてみたいから世界にオルタナティブな轟音,,,,"Sep 30, 2025 1:31 am",https://x.com/takekeke00,スーパーはるる,CC BY-NC-ND 4.0
いいことがあったり特になかったり運は巡っているものだから,,,,"Sep 30, 2025 8:46 am",https://x.com/blue_navy_color,青色紺色,CC BY-NC-ND 4.0
精神科　番号札がくばられて今日のわたしは三十二番,,,,"Oct 5, 2025 1:51 pm",https://x.com/moonnight_rain,月夜の雨,CC BY-NC-ND 4.0
"東/西　　　　
41年も　　　
隔ててた　　　
『壁』国民は　　
壊し剥ぎ取った","テーマ「剥ぐ、剥がす」でした。
ドイツの東西の個別『ベルリンの壁』を破壊したことで、国の壁と同時に思想を国から剥がしとったそんな意味で歌いました。",,,"Sep 24, 2025 2:04 pm",https://x.com/https://x.com/sta6251,すた6251,CC BY-NC-ND 4.0
君がいた朝の記憶をなぞったら目玉焼きまで火が通りすぎ,,,,"Oct 6, 2025 11:57 pm",https://x.com/mi1s4am,横井のの,CC BY-NC-ND 4.0
恋人に会うために乗るのぞみで自由席からはみ出てひとり,,,,"Sep 30, 2025 1:01 pm",https://x.com/no_rain_no_kasa,琉生,CC BY-NC-ND 4.0
週末に仕込んだバナナブレッドと私を寝かしつけている月,,,,"Sep 30, 2025 5:36 pm",https://x.com/aoha_tsukise,月瀬 葵葉,CC BY-NC-ND 4.0
仕切られて人が競馬のやうに待つ性病検査は匿名で受く,,,,"Oct 6, 2025 10:51 pm",https://x.com/nioibanmatsuri1 ,匂蕃茉莉,CC BY-NC-ND 4.0
葬儀屋がグランドオープン葬儀屋がグランドオープン あっ、くちに砂,,,,"Sep 30, 2025 7:34 pm",https://x.com/nuttarifan,乃木ひかり,CC BY-NC-ND 4.0
"ささくれに気づけるこころの距離感で「いってきます」と「いってらっしゃい」
",,,,"Oct 6, 2025 9:23 pm",https://x.com/fujinamino586,藤波こはる,CC BY-NC-ND 4.0
不確定なのは世界かテーブルを落ちて転がるコギト・エルゴ・スム,,,,"Sep 20, 2025 6:21 am",https://x.com/tatsuyananasino,七篠龍也,CC BY-NC-ND 4.0
"《焼き芋に愛を込めて》
焼き芋を半分に分け大きめをあなたにあげる「好き」の代わりに",,,,"Sep 28, 2025 6:59 pm",https://x.com/@sohbungaku,ソホ。,CC BY-NC-ND 4.0
ゆっくりと時間をかけてできあがる澄んだ氷のようだね、愛は,,,,"Oct 1, 2025 9:12 pm",https://x.com/yoimane_57577,よいまね,CC BY-NC-ND 4.0
親子って似ているようで違っててずれた会話も弾む大戸屋,,,,"Sep 30, 2025 8:48 am",https://x.com/blue_navy_color,青色紺色,CC BY-NC-ND 4.0
尋問の意図を汲みとれないままに取調室に届くブリトー,,,,"Oct 4, 2025 10:42 pm",https://x.com/ttmx6,畳川鷺々,CC BY-NC-ND 4.0
月からは見えないメリーゴーランドいまは大きなホテルとなって,,,,"Oct 4, 2025 10:05 pm",https://x.com/@Tamonokidesu,戸倉田面木,CC BY-NC-ND 4.0
懐かしき吾子の蒙古斑に似た　梅　氷砂糖　ホワイトリカー,,,,"Oct 6, 2025 1:33 am",https://x.com/yoshiharumichi,吉晴　路,CC BY-NC-ND 4.0
#ERROR!,初出：9/21 毎日文学『ロジック、論理』,,,"Oct 1, 2025 11:12 pm",https://x.com/RCodome,汐留ライス,CC BY-NC-ND 4.0
レティクルに甲殻の艶磔て逆光のままジャムらせようか,,,,"Oct 6, 2025 6:57 am",https://x.com/plympull,ぷりんぷる,CC BY-NC-ND 4.0
あっ、チャリに乗った高校生たちが駆け抜けていく今日は平日,,,,"Sep 30, 2025 7:35 pm",https://x.com/nuttarifan,乃木ひかり,CC BY-NC-ND 4.0
誘惑に負けて急ぐはご用心恋と同じよヤケドするわよ,グラタンお題にて詠ませていただいたものです,,,"Sep 30, 2025 11:18 pm",https://x.com/irusousaku,アリタ別館,CC BY-NC-ND 4.0
立ち上がれ！　海の中では足し引きも存在しないひかりになれる！,,,,"Oct 6, 2025 10:35 pm",https://x.com/AisaiNyawo,藍彩にゃを,CC BY-NC-ND 4.0
白Tで自転車こげば黄金虫突っ込んでくるおれが光か　,,,,"Oct 6, 2025 12:18 am",https://x.com/tenran_harugiri,せんぱい,CC BY-NC-ND 4.0
絶望の淵にあなたは腰かけて煙草は六等星のあかるさ,,,,"Oct 1, 2025 7:57 am",https://x.com/Koharu_kura,くらたか湖春,CC BY-NC-ND 4.0
ドーパミン　無駄にしてきた時間からStar may have been born.,,,,"Sep 30, 2025 1:00 pm",https://x.com/no_rain_no_kasa,琉生,CC BY-NC-ND 4.0
もじもじとあれやりたいと指をさす子と初めての太鼓の達人,,,,"Oct 1, 2025 8:26 am",https://x.com/rebelxduck,木ノ宮むじな,CC BY-NC-ND 4.0
水槽に押し込められて照らされた海月はレジ袋になりたい,,,,"Oct 1, 2025 12:49 pm",https://x.com/mintozuku,辰野音子,CC BY-NC-ND 4.0
顔真似がお上手ですね　改札の向こうでまるで故郷のよう,,,,"Oct 3, 2025 9:32 pm",https://x.com/murasameshinco,ムラサメシンコ,CC BY-NC-ND 4.0
"誰からも愛されている月にさえ隠れたくなる夜のあること
",,,,"Sep 29, 2025 8:07 pm",https://x.com/18necco18,宮緖かよ,CC BY-NC-ND 4.0
お互いの欠けてるとこが愛しいと見上げる空に浮かぶ三日月,,,,"Oct 1, 2025 10:28 pm",https://x.com/tanankatoru,田仲トオル,CC BY-NC-ND 4.0
安全な明るい部屋に横臥して小さき窓に「台風」と打つ,,,,"Sep 30, 2025 1:29 am",https://x.com/takekeke00,スーパーはるる,CC BY-NC-ND 4.0
日曜日子供に戻る君の背を見ながら作るベーコンエッグ,,,,"Oct 7, 2025 12:11 am",https://x.com/RAGE0406,紅生姜天ひやむぎっ,CC BY-NC-ND 4.0
自分との一番大事な約束を忘れ現場へ取りに走った,,,,"Sep 30, 2025 6:01 pm",https://x.com/sorapoky,山口絢子,CC BY-NC-ND 4.0
きみにだけおごると言ったはずなのに十九人も集まっている,初出：9/15 短歌アプリ57577『連鎖』,,,"Oct 1, 2025 11:07 pm",https://x.com/RCodome,汐留ライス,CC BY-NC-ND 4.0
知り合いをいつから友と呼ぶべきか　ビル群をゆく透明人間,大人になってから友人を作るって意外と難しい。,,,"Sep 30, 2025 8:30 pm",https://x.com/MishinOga,大賀ミシン,CC BY-NC-ND 4.0
人生の参加賞だと抱きしめた粗品レベルの愛だとしても,,,,"Oct 1, 2025 9:06 pm",https://x.com/hHgTbveVDS60586,まろ,CC BY-NC-ND 4.0
触れられるすぐそばなのに銀色を持たないひとの届かない場所,,,,"Oct 3, 2025 4:50 pm",https://x.com/murasameshinco,ムラサメシンコ,CC BY-NC-ND 4.0
うつくしい放物線がサヨナラを告げて止まった夏の瞬き,,,,"Sep 30, 2025 6:00 pm",https://x.com/sorapoky,山口絢子,CC BY-NC-ND 4.0
散髪の値段が上がる今日この頃千円ぽっきりが千四百円なり,QBハウスを普段から利用しているのですが、物価上昇と共に気が付けば千円から千四百円にだんだんと値上げされました。日常の物価高にこんなところまで影響しているのだと実感しました。,,,"Oct 3, 2025 4:27 pm",https://x.com/fromshino,篠崎蓮,CC BY-NC-ND 4.0
風さんよ、行き先バレず逃げた気か？空に足跡残したままよ,上野動物園で偶然写真を撮った時に空の雲がうろこ雲みたいになり風の流れが空に映りそこから歌を読みました。、,,,"Sep 23, 2025 8:06 pm",https://x.com/https://x.com/sta6251,すた6251,CC BY-NC-ND 4.0
べたべたのレモンケーキをかじりあい外の天気を思い出せない,,,,"Oct 1, 2025 12:00 pm",https://x.com/aonosaku31,青野 朔,CC BY-NC-ND 4.0
午前9時解体される海の家サボった私働く誰か,,,,"Oct 6, 2025 11:37 pm",https://x.com/RAGE0406,紅生姜天ひやむぎっ,CC BY-NC-ND 4.0
ぼくの背を貸すからきみの背もたれにしてよカーブがいい感じでしょ,,,,"Oct 4, 2025 8:25 pm",https://x.com/teto_starlight,てと,CC BY-NC-ND 4.0
飛び石の狭間に住まう平日をねぎまみたいでぼくは好きだよ,,,,"Sep 30, 2025 6:47 pm",https://x.com/kikura_ge,キクラゲ,CC BY-NC-ND 4.0
地中化で街を去りゆく電柱は空の色を憶えているか,,,,"Sep 30, 2025 6:43 pm",https://x.com/morning__calm,朝凪たまご,CC BY-NC-ND 4.0
幸せの前借りなんて野暮なこと言わずに二人で踏み倒そうよ,,,,"Oct 1, 2025 9:05 pm",https://x.com/hHgTbveVDS60586,まろ,CC BY-NC-ND 4.0
脱ぎ捨てた夏そのままに水色の秋に片袖を通している,,,,"Oct 3, 2025 7:01 am",https://x.com/nonaga0303,のなが,CC BY-NC-ND 4.0
鬱というけものの巣くう身の内よ飼い慣らすかは喰い殺さるるか,,,,"Oct 1, 2025 6:23 am",https://x.com/haku_reimi89013 ,白黎海,CC BY-NC-ND 4.0
追いバター、罪深いよねえ　昨晩も何かに追われる夢を見たよ,,,,"Sep 30, 2025 6:47 pm",https://x.com/kikura_ge,キクラゲ,CC BY-NC-ND 4.0
彼岸花、道往くひとのだれに選ばれなくても花は花だよ,,,,"Oct 2, 2025 12:03 pm",https://x.com/yarukatanashi,ヤマメ,CC BY-NC-ND 4.0
ドローンが○と○で飛ぶ　合わさったその２輪撮りその姿は♾️,"テーマがにわとり
だったので○をドローンにみたてて→○○←2羽撮り📷と、二つ合わさって2つの無限♾️という形になると言った感じです",,,"Sep 24, 2025 5:09 pm",https://x.com/https://x.com/sta6251,すた6251,CC BY-NC-ND 4.0
もう赤と青にはきっと戻れないだってスミレがこんなにきれい,,,,"Oct 1, 2025 8:25 am",https://x.com/rebelxduck,木ノ宮むじな,CC BY-NC-ND 4.0
蝶々にも東京駅は迷宮か僕に助けを求められても,,,,"Sep 20, 2025 6:23 am",https://x.com/tatsuyananasino,七篠龍也,CC BY-NC-ND 4.0
てのうちをさぐりあってはとりあわず合わせる人の手が見えますか,,,,"Oct 2, 2025 2:08 pm",https://x.com/tsu6gi_hoshi,星つむぎ,CC BY-NC-ND 4.0
人間が靴を傷つけないためのヘラが地球にあって立秋,,,,"Oct 4, 2025 8:26 pm",https://x.com/teto_starlight,てと,CC BY-NC-ND 4.0
好きなだけ食べたいケーキ食べられる大人はいいなそう思ってた,子どもの頃の思い出です。我が家は母の方針（？）で、ケーキはなぜか苺ショートしか食べられなかったので、大人になったらほかのケーキも好きなだけ食べようと思っていました。,,,"Oct 1, 2025 8:21 pm",https://x.com/Silbernekatze_,北乃銀猫,CC BY-NC-ND 4.0
秋が来た、秋が来たって外飼いの犬がしきりに窓を掻いてる,お世話になっている方のお家にお邪魔した時の風景から詠みました。夕方になると外飼いのわんちゃんが散歩に行きたそうに窓をかりかり掻くらしいです。秋になって涼しくなったことをわんちゃんも感じているような気がしました。,,,"Sep 30, 2025 11:16 pm",https://x.com/awoi_up20,あをい,CC BY-NC-ND 4.0
エクセルを更新してもこの街の明かりを灯すことはできない,,,,"Oct 4, 2025 11:19 pm",https://x.com/okanocoelacanth,みぎひと,CC BY-NC-ND 4.0
12から1へゆくとき必要なちから　まぶたのささやかなひび,,,,"Oct 1, 2025 7:32 am",https://x.com/sinachiku_no_yo,萎竹,CC BY-NC-ND 4.0
寝そべった私を水平線にして、あなたは深く、深く沈む,,,,"Oct 1, 2025 9:08 pm",https://x.com/hHgTbveVDS60586,まろ,CC BY-NC-ND 4.0
見届けるバニラのアイスクリームがコンクリートに描く大海,,,,"Oct 1, 2025 12:49 pm",https://x.com/mintozuku,辰野音子,CC BY-NC-ND 4.0
見たこともない色をした空だけど海と似ているから蒼と呼ぶ,,,,"Oct 6, 2025 3:28 pm",https://x.com/Chiku_tanka,知久,CC BY-NC-ND 4.0
正しさを積み重ねても傾いて誰かが悪いわけじゃないのに,,,,"Sep 30, 2025 9:03 pm",https://x.com/umefufum,梅ふふむ,CC BY-NC-ND 4.0
もう少しあきらめきれぬ甘栗の薄皮を剥ぐ親指の爪,,,,"Oct 6, 2025 10:54 pm",https://x.com/nioibanmatsuri1 ,匂蕃茉莉,CC BY-NC-ND 4.0
律の風水面もゆれる虫しぐれ夜ごとにふくらむ月の耳たぶ,,,,"Oct 6, 2025 3:15 pm",https://x.com/saku_furui,古井　朔,CC BY-NC-ND 4.0
ピラニアの如く食われる婚活のビュッフェに引き気味　恋にかみつけよ,婚活パーティーで元を取るために必死でビュッフェを食いつくす男子にドン引きした経験からこの歌を読みました。,,,"Oct 6, 2025 9:39 pm",https://x.com/finalkanidoumei,土佐ｱｳﾞｧﾝﾁｭｰﾙぱす汰,CC BY-NC-ND 4.0
会いたいと言えばいつでも来てくれるけれど本当は呼んでほしくて,,,,"Oct 1, 2025 9:07 pm",https://x.com/hHgTbveVDS60586,まろ,CC BY-NC-ND 4.0
こんな日も歯磨きを欠かさぬ君だ報われるべき今すぐにでも,,,,"Oct 1, 2025 12:33 pm",https://x.com/TEN_57577,てん,CC BY-NC-ND 4.0
天国の談話室では其処此処で科学者たちの「エウレカ！」の声,,,,"Oct 6, 2025 3:28 pm",https://x.com/Chiku_tanka,知久,CC BY-NC-ND 4.0
この町は性善説に満ち満ちて優しい拒絶のような長雨,,,,"Oct 4, 2025 12:39 am",https://x.com/_akino_tsuki_,あきの　つき,CC BY-NC-ND 4.0
長針がうごく一瞬をみたように小さき犬の排泄をみる,,,,"Sep 30, 2025 9:28 pm",https://x.com/_05_maryo,井山カナ,CC BY-NC-ND 4.0
みんなから見えない妄想いないいない　スーパー、歯医者、図書館おばけ,,,,"Oct 5, 2025 1:32 am",https://x.com/leslie_bekkie,別木れすり,CC BY-NC-ND 4.0
快速に追いぬかれても気にせずに各停に乗ることのぜいたく,,,,"Sep 30, 2025 8:47 am",https://x.com/blue_navy_color,青色紺色,CC BY-NC-ND 4.0
肩書はどうせ剥がれる捨てられるペットボトルはどれも透明,,,,"Sep 30, 2025 7:24 pm",https://x.com/hakka_kinoko,ベーグル,CC BY-NC-ND 4.0
自室には死んでいるものばっかりでそとの生気はあまりにまぶしい,,,,"Sep 30, 2025 7:15 pm",https://x.com/huGaku17,huGaku,CC BY-NC-ND 4.0
ベガ　デネブ　アルタイルめく手の甲のほくろ　真夏の終わりのしるし,,,,"Oct 1, 2025 7:33 am",https://x.com/sinachiku_no_yo,萎竹,CC BY-NC-ND 4.0
アリクイの長い舌には長い訳　二足歩行は黙っていましょう,,,,"Oct 6, 2025 9:14 am",https://x.com/spring_bird_gr,はるかぜ,CC BY-NC-ND 4.0
スクショした地図は頼りにならなくて西新宿に迷子がひとり,,,,"Sep 30, 2025 8:47 am",https://x.com/blue_navy_color,青色紺色,CC BY-NC-ND 4.0
君の名を隣でずっと呼びたいな今日も明日も想いを込めて,,,,"Oct 5, 2025 1:01 pm",https://x.com/yui_oribe,織部ゆい,CC BY-NC-ND 4.0
教室の掃除がいやでぬけだした小二のわれを教師は叱らず,,,,"Oct 5, 2025 1:52 pm",https://x.com/moonnight_rain,月夜の雨,CC BY-NC-ND 4.0
完璧なコスモス畑に完璧じゃないコスモスばかり咲いている,,,,"Oct 4, 2025 11:19 pm",https://x.com/okanocoelacanth,みぎひと,CC BY-NC-ND 4.0
泣く時は教えてほしい　次の日のゴミを代わりに捨てに行くから,大学生時代の友人とのやりとりを思い出して詠みました。ホームシック、恋人との別れ、親とのけんか、勉強や就職がうまくいかないなど、大学生にもなってもこんなに泣くとは思いませんでした。友人同士で支え合って、ご飯のお裾分けをしたり、夜通し話を聞いたり、家事をかわりばんこにやったりしたものです。その中の一つが『代わりにゴミを出す』でした。夜通し泣き腫らしたり、通話で愚痴を吐いたりすると、どうもゴミを規定の時間までに出すのが億劫になります。そう言うときはゴミ袋ごと預けて代わりに捨てていました。私は捨ててもらうより捨てる側のほうが多かったですが、それでも『明日の朝、ゴミ出しをしなくていい夜』というのはそれだけで優しいことを学ぶことができました。,,,"Sep 30, 2025 11:34 pm",https://x.com/awoi_up20,あをい,CC BY-NC-ND 4.0
彼岸明け田んぼを守るその花に稲穂は深く頭を垂れて,,,,"Oct 5, 2025 3:09 pm",https://x.com/nuts722,natsuko,CC BY-NC-ND 4.0
女にも買える林檎のあるらしく苦い寓話のようにまぶしい,,,,"Oct 6, 2025 11:24 pm",https://x.com/yoshinani_tanka,よしなに,CC BY-NC-ND 4.0
「スコップ」と「シャベル」の定義も曖味におんなじおにわをぼくらはほった,,,,"Oct 1, 2025 10:38 am",https://x.com/Itsuki_Mao,しみず,CC BY-NC-ND 4.0
こころにも骨があるのか一撃でたちまちに複雑骨折,,,,"Oct 3, 2025 8:49 pm",https://x.com/suimitudou16,睡密堂,CC BY-NC-ND 4.0
"あなた　僕　愛　幸せ　足し算はときどき掛け算になるって知った
",,,,"Oct 5, 2025 10:44 am",https://x.com/Umi1146295,Umi.,CC BY-NC-ND 4.0
俺は詩だ社会にとってのささくれだ毒にも薬にもなってやらねえ,,,,"Sep 30, 2025 1:32 am",https://x.com/takekeke00,スーパーはるる,CC BY-NC-ND 4.0
びいどろに潜らせたよう君の眼はきっと割れてもきれいだろうな,,,,"Oct 4, 2025 10:08 pm",https://x.com/@Tamonokidesu,戸倉田面木,CC BY-NC-ND 4.0
脱がされるために浮かせた腰にある気怠く甘い世界の余白,,,,"Sep 30, 2025 7:26 pm",https://x.com/hakka_kinoko,ベーグル,CC BY-NC-ND 4.0
袋麺たまごを落とす二十四時　今日だけ私に光れよ、月,,,,"Oct 1, 2025 12:31 pm",https://x.com/TEN_57577,てん,CC BY-NC-ND 4.0
砂利を踏みざっざざっざと境内を落とした厄をこそぐみたいに,ある日の境内。,,,"Oct 6, 2025 12:58 am",https://x.com/misosarasenryu,鯖虎,CC BY-NC-ND 4.0
夢までのひみつの森を歩きましょうお菓子の家を覗かぬように,,,,"Oct 5, 2025 1:55 pm",https://x.com/moonnight_rain,月夜の雨,CC BY-NC-ND 4.0
大声は厳禁の談話室にて青春は叫びたいことばかり,,,,"Oct 3, 2025 8:49 pm",https://x.com/suimitudou16,睡密堂,CC BY-NC-ND 4.0
川べりを歩く　きら　きら　にせもののひかりだったとしてもうれしい,,,,"Oct 1, 2025 7:34 am",https://x.com/sinachiku_no_yo,萎竹,CC BY-NC-ND 4.0
からっぽの命だ賭ける信念も無くて夜空に「エプレ・シ・ムーヴェ」,,,,"Sep 20, 2025 6:22 am",https://x.com/tatsuyananasino,七篠龍也,CC BY-NC-ND 4.0
バイエルを確かめながら弾くようにならんで歩く夕映えの道,,,,"Oct 1, 2025 7:59 am",https://x.com/Koharu_kura,くらたか湖春,CC BY-NC-ND 4.0
手元からスルリこぼれるレシートとロイホでひとりダンスホール,,,,"Sep 28, 2025 5:33 pm",https://x.com/suu_0421,すぅ,CC BY-NC-ND 4.0
暇を持て余した神々の遊びにも呼んでもらえないのが　わたしだ,,,,"Sep 30, 2025 1:32 am",https://x.com/takekeke00,スーパーはるる,CC BY-NC-ND 4.0
秋風に微睡む夢のなめらかさかぼちゃプリンに沈むたましい,,,,"Sep 30, 2025 5:33 pm",https://x.com/aoha_tsukise,月瀬 葵葉,CC BY-NC-ND 4.0
意味のない願いも叶わない夢も抱きしめたまま私朽ちてく,,,,"Oct 2, 2025 11:20 pm",https://x.com/Rw2NOgtJoBEKcBY,舞風 奏-かなで-,CC BY-NC-ND 4.0
退化したしっぽの名残　AIで恋も化石になっちゃったり,,,,"Oct 6, 2025 9:39 pm",https://x.com/finalkanidoumei,土佐ｱｳﾞｧﾝﾁｭｰﾙぱす汰,CC BY-NC-ND 4.0
遠くからお囃子の風振り向けば夏影はとうに夏を追い越す,,,,"Oct 4, 2025 10:06 pm",https://x.com/@Tamonokidesu,戸倉田面木,CC BY-NC-ND 4.0
もう誰もいい子のわたしを求めない　丁重な謝辞ですり減るトークン,,,,"Oct 1, 2025 5:22 pm",https://x.com/marja0312tk,まる弥,CC BY-NC-ND 4.0
その春は特別だった　花の名をたくさん知った、君と出会った,,,,"Oct 1, 2025 10:28 pm",https://x.com/tanankatoru,田仲トオル,CC BY-NC-ND 4.0
"複眼で覗く心中《しんじゅう》どうしても繋がって飛ぶ赤いトンボの
",,,,"Oct 6, 2025 11:28 pm",https://x.com/yoshinani_tanka,よしなに,CC BY-NC-ND 4.0
ケンカなどやめよう100年巡ったら宇宙になっているわたしたち,,,,"Sep 30, 2025 8:21 am",https://x.com/l0vemash,真朱,CC BY-NC-ND 4.0
失っていく順番を教えます　夢　愛　光そして体温,,,,"Sep 30, 2025 1:30 am",https://x.com/takekeke00,スーパーはるる,CC BY-NC-ND 4.0
我が城へ閉じ籠るのはぷりてぃーなわたしと私を甘やかす為,,,,"Oct 6, 2025 9:29 pm",https://x.com/fujinamino586,藤波こはる,CC BY-NC-ND 4.0
両親が独身になる たんぽぽの綿毛をひとつ、またひとつ抜く,,,,"Oct 6, 2025 4:28 pm",https://x.com/Aiyu_Myoi,明井愛結,CC BY-NC-ND 4.0
指先は僕とあなたで二人してただいまをいうチラシの間取り,,,,"Oct 4, 2025 11:19 pm",https://x.com/okanocoelacanth,みぎひと,CC BY-NC-ND 4.0
愛により胸を刺された人魚姫だから不死身になれたわけです,,,,"Oct 5, 2025 11:41 pm",https://x.com/36aoRu1Re4K4AbR,空虚 シガイ,CC BY-NC-ND 4.0
月だけが（頑張ることを良いとするビルの隙間で）僕に優しい,,,,"Oct 1, 2025 8:25 am",https://x.com/rebelxduck,木ノ宮むじな,CC BY-NC-ND 4.0
酷暑日の増えた現世に対応し焦熱地獄もアップデートす,,,,"Oct 1, 2025 2:28 am",https://x.com/@aca_tabby,眠る金魚,CC BY-NC-ND 4.0
変わらない答えに向かう羅針盤信じた道に悔やみはないさ,,,,"Sep 30, 2025 11:16 pm",https://x.com/irusousaku,アリタ別館,CC BY-NC-ND 4.0
道が混み新学期と知る制服の白がまぶしい九月一日,,,,"Oct 5, 2025 3:06 pm",https://x.com/nuts722,natsuko,CC BY-NC-ND 4.0
半身は東京にいるまた会おう没年月日も同じだろうし,,,,"Oct 1, 2025 6:44 am",https://x.com/@hijyouguchi_dot,非常口ドット,CC BY-NC-ND 4.0
豆粒の君が手を振る空間で手を振りかえす我も豆粒,ライブ会場、後ろの方の座席で届く訳ないけど、手を振る推しに目いっぱい手を振る。豆粒同士だけどパワーをもらえる。これがライブの醍醐味だとも思ってます。,,,"Oct 5, 2025 6:29 pm",https://x.com/tyrannos818181,さに。,CC BY-NC-ND 4.0
一城のあるじとなりて我は知る茄子が油を吸うことなどを,,,,"Oct 6, 2025 9:40 pm",https://x.com/104ON_BLUE2,伴 更紗,CC BY-NC-ND 4.0
肉食のいきものとしてハンバーガー齧る　弱さは見ないふりして,,,,"Oct 1, 2025 5:54 am",https://x.com/OkadaDouitsu,岡田道一,CC BY-NC-ND 4.0
脱税を唆したのは蛇でした人はいつだって間違える,,,,"Oct 1, 2025 12:33 pm",https://x.com/TEN_57577,てん,CC BY-NC-ND 4.0
もしひとをやめられるならあしたすぐひかりをたべるきょうりゅうになる,,,,"Oct 1, 2025 7:33 am",https://x.com/sinachiku_no_yo,萎竹,CC BY-NC-ND 4.0
ドラえもん別れたいって言われたよ意味わかんない翻訳してよ,「別れたい」その意味はそのままなのに、のび太くんなら大人になっても頼ってそうだなと思った歌です,,,"Oct 5, 2025 6:19 pm",https://x.com/tyrannos818181,さに。,CC BY-NC-ND 4.0
マグの壁つたう彗星　つながれた意識に香る冷めたコーヒー,,,,"Oct 6, 2025 6:58 am",https://x.com/plympull,ぷりんぷる,CC BY-NC-ND 4.0
星々のひかりを拾う指先で冷えたあなたの体をなぞる,,,,"Oct 5, 2025 1:53 pm",https://x.com/moonnight_rain,月夜の雨,CC BY-NC-ND 4.0
同じのを頼んだとこで満たされないから貰うよ一口いいね？,,,,"Oct 6, 2025 10:35 pm",https://x.com/AisaiNyawo,藍彩にゃを,CC BY-NC-ND 4.0
"便箋に
彷徨う孔雀
文字に変え
ただ溢れ出す
想いを込めて",,,,"Oct 1, 2025 4:40 pm",https://x.com/sizuru_ishi,石川静流,CC BY-NC-ND 4.0
少しだけ羨ましくもありながら今更どうもならぬいとなみ,,,,"Oct 6, 2025 10:54 pm",https://x.com/nioibanmatsuri1 ,匂蕃茉莉,CC BY-NC-ND 4.0
何者にもなれなかったが何処へも行かないと決めて自由になる,,,,"Sep 30, 2025 9:04 pm",https://x.com/umefufum,梅ふふむ,CC BY-NC-ND 4.0
5番目の男はやたらシュッとして好きな食べ物を「ハム」と答えた,,,,"Oct 5, 2025 10:01 pm",https://x.com/minamika7575,叭居,CC BY-NC-ND 4.0
胸を張り鶏ずいと歩むとき風に微かなジュラ紀の鼓動,,,,"Oct 1, 2025 5:55 am",https://x.com/OkadaDouitsu,岡田道一,CC BY-NC-ND 4.0
ささやかな優しさにふと気づけたら紅茶で祝うなんでもない日,,,,"Sep 30, 2025 11:18 pm",https://x.com/irusousaku,アリタ別館,CC BY-NC-ND 4.0
神様は今日も私を見ていない舌打ちだけは聞いてるくせに,,,,"Oct 6, 2025 3:27 pm",https://x.com/Chiku_tanka,知久,CC BY-NC-ND 4.0
携帯の手ぶれ補正で消えていく　写ルンですの残像に似た,写ルンですでとった写真を現像すると、何枚かは手ぶれのような残像写真が混ざっていたりする。それは失敗なのになぜかちょっといい感じだったりする。今はもうスマホで手ぶれ補正されるから、あの頃のような趣のある残像写真はなくなってしまった。,,,"Oct 6, 2025 9:36 pm",https://x.com/finalkanidoumei,土佐ｱｳﾞｧﾝﾁｭｰﾙぱす汰,CC BY-NC-ND 4.0
四階と九階がないそういえば薄い欺瞞で生きていたんだ,,,,"Oct 1, 2025 6:44 am",https://x.com/@hijyouguchi_dot,非常口ドット,CC BY-NC-ND 4.0
僕の横でスイカを食べるとき君は少し邪悪な顔をしますね,,,,"Sep 30, 2025 6:44 pm",https://x.com/kikura_ge,キクラゲ,CC BY-NC-ND 4.0
緑くん或いは花火大会の帰路に立ち寄るコンビニでまた,行けたら行くって言ってた,,,"Oct 5, 2025 8:17 pm",https://x.com/Are_you_Sayoko,四辻つつじ,CC BY-NC-ND 4.0
路地裏のねこと戯れ夜を越す星の見えない都会の隙間,,,,"Sep 30, 2025 3:17 pm",https://x.com/Amamiyaamaki,雨宮雨霧,CC BY-NC-ND 4.0
十六夜の月が雲間に輝いて君もこの月見てるといいな,,,,"Sep 28, 2025 10:24 pm",https://x.com/kazeki_mori,森風輝,CC BY-NC-ND 4.0
わたくしを彩るひかりいつまでも曇ったガラス射抜いておくれ,,,,"Oct 1, 2025 2:29 am",https://x.com/@aca_tabby,眠る金魚,CC BY-NC-ND 4.0
"浩瀚の
紡がれ幾多
言の葉の
胸躍らせる
葉となり森に",,,,"Oct 1, 2025 4:41 pm",https://x.com/sizuru_ishi,石川静流,CC BY-NC-ND 4.0
真夜中に苦しげに鳴く蝉たちを静かにさせて九月の朝日,,,,"Oct 1, 2025 5:56 am",https://x.com/OkadaDouitsu,岡田道一,CC BY-NC-ND 4.0
このケーキ食べ終わったらさようならひとくちひとくち味わっている,,,,"Oct 5, 2025 2:02 am",https://x.com/umi_tsukitokage,ツキミサキ,CC BY-NC-ND 4.0
書き順が滅茶苦茶なのにわたしより綺麗にわたしの文字を書く彼,,,,"Oct 1, 2025 5:28 pm",https://x.com/mskpompomfuwa23,まさけ,CC BY-NC-ND 4.0
だれだってその身は独り病室の薬のにおいパジャマのやわさ,,,,"Sep 30, 2025 8:31 am",https://x.com/MeFuchsia,綿鍋和智子,CC BY-NC-ND 4.0
山型のパンを両面焼きまして絞り出すのは蜂蜜ひみつ,,,,"Oct 1, 2025 3:00 pm",https://x.com/takosan_kcr,たこの粥,CC BY-NC-ND 4.0
モノクロでコピーをしたら灰色になった朱肉のあなたの苗字,,,,"Sep 30, 2025 8:30 am",https://x.com/MeFuchsia,綿鍋和智子,CC BY-NC-ND 4.0
白い闇くぐりて甘美な戯れに毒あることを鬼百合の咲く,,,,"Oct 6, 2025 3:17 pm",https://x.com/saku_furui,古井　朔,CC BY-NC-ND 4.0
膝猫にここにいてねと抱き締めるそんな季節がもうここにある,夏の盛りは、猫に膝の上に乗られると苦行だったのですが、ある日、その温かみと重みにほっとしました。季節の進みを感じました。,,,"Oct 1, 2025 7:51 pm",https://x.com/Silbernekatze_,北乃銀猫,CC BY-NC-ND 4.0
小説の貸し出しカード追うように同じ名を見て密やかに笑む,,,,"Oct 6, 2025 12:33 pm",https://x.com/prune0s,瀧,CC BY-NC-ND 4.0
禁断の果実をかじる　わたしたち共犯者として生きていきたい,,,,"Sep 30, 2025 8:23 am",https://x.com/l0vemash,真朱,CC BY-NC-ND 4.0
アルパカのパカのひびきにあるようにきみが歩いたみちに咲く花,,,,"Oct 5, 2025 12:40 am",https://x.com/matsuqing,沙々キハム,CC BY-NC-ND 4.0
グラタンに潜む具材はカラフルに母が刻んだ苦手な野菜,,,,"Oct 7, 2025 12:05 am",https://x.com/RAGE0406,紅生姜天ひやむぎっ,CC BY-NC-ND 4.0
どの僕もほんとの僕ってことにするメロンソーダ味の飴粒,,,,"Oct 2, 2025 12:53 am",https://x.com/yukikaze_3710,雪風みなと,CC BY-NC-ND 4.0
キツイのにケーキとパフェを追加して引き延ばしてる彼との別れ,,,,"Oct 1, 2025 5:27 pm",https://x.com/mskpompomfuwa23,まさけ,CC BY-NC-ND 4.0
アイルビーバック煮え立つカレーに沈みゆく親指に似た形のじゃがいも,,,,"Oct 5, 2025 10:03 pm",https://x.com/minamika7575,叭居,CC BY-NC-ND 4.0
それとなく賢いふりをしてるだけ馬鹿な女は苦手そうだし,馬鹿な女でいるほうがずっと楽でした,,,"Sep 30, 2025 10:37 am",https://x.com/nakamura_uonami,中村うおなみ,CC BY-NC-ND 4.0
ドレミソラ喉にルビーを嵌めたから今日はグロめの歌がきらめく,,,,"Oct 1, 2025 6:43 am",https://x.com/@hijyouguchi_dot,非常口ドット,CC BY-NC-ND 4.0
薄肌に潜った針は人間の海に近づく唯一の翼,,,,"Oct 6, 2025 8:58 pm",https://x.com/Kaede_ede,花楓,CC BY-NC-ND 4.0
弱いまま許されてゆく 秋の香に金木犀のほころびを知る,,,,"Oct 1, 2025 6:20 am",https://x.com/haku_reimi89013 ,白黎海,CC BY-NC-ND 4.0
"人として大事な何かが欠けているだから欠伸がとまらないのだ
",人から注意を受けている時に欠伸が出てしまうのは何故なんでしょうね。,,,"Oct 2, 2025 8:07 pm",https://x.com/Precure_Yoisho,よいしょ上手の高木さん,CC BY-NC-ND 4.0
どこへとも行きたくなくて飛び乗った山手線には終点がない,,,,"Oct 6, 2025 7:02 pm",https://x.com/mizuki_kizumi_,来住瑞貴,CC BY-NC-ND 4.0
渡り鳥ひとりもはぐれないように風切羽を光らせて飛ぶ,,,,"Oct 1, 2025 3:01 pm",https://x.com/takosan_kcr,たこの粥,CC BY-NC-ND 4.0
オーブンがいる冷凍のグラタンと途方に暮れるわたしとレンジ,9/22 単語で短歌『グラタン』,,,"Oct 1, 2025 11:09 pm",https://x.com/RCodome,汐留ライス,CC BY-NC-ND 4.0
違うんだ始まりは僕じゃないんだと叫ぶいちばん端のドミノ牌,,,,"Oct 5, 2025 1:56 am",https://x.com/umi_tsukitokage,ツキミサキ,CC BY-NC-ND 4.0
息の根を止めた私を見下ろして振り向く先に揺れるカーテン,,,,"Sep 30, 2025 3:12 pm",https://x.com/Amamiyaamaki,雨宮雨霧,CC BY-NC-ND 4.0
怪獣は見たことないが怪獣の落書きできる　みんな怪獣,,,,"Sep 30, 2025 9:26 pm",https://x.com/_05_maryo,井山カナ,CC BY-NC-ND 4.0
たけのこの里にもきのこは生えていてきっと僕らは上手にやれる,,,,"Oct 6, 2025 9:38 pm",https://x.com/104ON_BLUE2,伴 更紗,CC BY-NC-ND 4.0
ヴァーチャルに集う僕らは自我をもつ文字として生きる　生きぬ人もいる,,,,"Sep 30, 2025 7:18 pm",https://x.com/huGaku17,huGaku,CC BY-NC-ND 4.0
ふろくだよ 今日は君に着いていくこっちのことは気にしないでね,,,,"Sep 28, 2025 10:26 pm",https://x.com/kazeki_mori,森風輝,CC BY-NC-ND 4.0
ここからは進入禁止わたしにもわたしのための桟橋がある,,,,"Oct 4, 2025 10:05 am",https://x.com/Linon_non,りのん,CC BY-NC-ND 4.0
デッドオアアライブうっすら死んでいる土曜の朝は逮捕されない,,,,"Oct 5, 2025 12:42 am",https://x.com/matsuqing,沙々キハム,CC BY-NC-ND 4.0
"無口な背
遅れついてく
散歩道
会話無い父
歩みを緩めて",,,,"Oct 1, 2025 4:42 pm",https://x.com/sizuru_ishi,石川静流,CC BY-NC-ND 4.0
赤い糸　末まで手繰りたくはないゆるめのままで張らずにおいて,,,,"Oct 1, 2025 2:28 am",https://x.com/@aca_tabby,眠る金魚,CC BY-NC-ND 4.0
泣くために本を開けば君は死ぬ明日も君はまた死ぬだろう,,,,"Sep 30, 2025 7:35 pm",https://x.com/nuttarifan,乃木ひかり,CC BY-NC-ND 4.0
逆光の連絡通路を歩くひと影絵になっておうちへ帰る,,,,"Oct 5, 2025 2:00 am",https://x.com/umi_tsukitokage,ツキミサキ,CC BY-NC-ND 4.0
5限よりUFOをあやつらないと君にぬいぐるみをあげるため,,,,"Oct 3, 2025 8:49 pm",https://x.com/suimitudou16,睡密堂,CC BY-NC-ND 4.0
絶え間なく吹く南風　真夜中にこんなとこまで届いた海、海,,,,"Oct 1, 2025 9:14 pm",https://x.com/yoimane_57577,よいまね,CC BY-NC-ND 4.0
シーフードミックスシーフードミックス涙は海と似た匂いがする,,,,"Oct 1, 2025 11:47 pm",https://x.com/rara_wcat_tanka,アサコル,CC BY-NC-ND 4.0
斜め右　貴方の顔を見つめてる　これが平日なんて贅沢,,,,"Oct 1, 2025 8:43 am",https://x.com/kikyo_nakano,仲野キキョウ,CC BY-NC-ND 4.0
来なかった白馬の王子よりきみと手を繋ぎたいディズニーランド,,,,"Sep 30, 2025 8:22 am",https://x.com/l0vemash,真朱,CC BY-NC-ND 4.0
内側に削れた靴で街を行く　今日も意見を発せなかった,,,,"Oct 1, 2025 5:27 pm",https://x.com/mskpompomfuwa23,まさけ,CC BY-NC-ND 4.0
20:30 29℃ 湿度75％ 9/1,"ふりがなです。
はちじはん　にじゅうきゅうど　しつどななじゅうごぱーせんと　くがつついたち",,,"Sep 26, 2025 5:49 pm",https://x.com/osorakukajin,奈路 侃,CC BY-NC-ND 4.0
正しいか正しくないかで生きてない愛で生きてるそれでいいだろ,"普段は正しく生きたいとは思っています。
けど、正しさが鬱陶しく感じてしまう時があります。正しいって何やねん！って。
自分への愛だったり、誰かへの愛だったり、正しさよりも愛の方が大切だろ！くそー！っと思って詠んだ歌です。",,,"Sep 30, 2025 9:43 am",https://x.com/mizu_tama_konko,水玉子,CC BY-NC-ND 4.0
花が咲くたとえわたしが忘れても宿根草はいつもの場所で,,,,"Oct 6, 2025 9:39 pm",https://x.com/daigakuimo3717,山野たみ,CC BY-NC-ND 4.0
たましひは返品交換できません。破損したままご使用ください。,,,,"Oct 1, 2025 5:25 pm",https://x.com/iam_yukarigohan,ゆかりごはん,CC BY-NC-ND 4.0
目の中のごみを目で追う　わからないことがなんなのかがわからない,,,,"Oct 2, 2025 8:45 pm",https://x.com/nsnsn______,仁科篠,CC BY-NC-ND 4.0