content,author_comment,editor_memo,create_datetime,content_url,author_url,author,license
å‹é”ãŒæµ·è³Šç‹ã«ãªã‚‹ã¨è¨€ã†ãƒã‚±ãƒ¢ãƒ³ãƒã‚¹ã‚¿ãƒ¼ã¯ã‚ãã‚‰ã‚ã‚‹ã®ã‹,,,2025-07-26 23:57:03,https://x.com/RCodome/status/1949121793429737802,https://x.com/RCodome,æ±ç•™ãƒ©ã‚¤ã‚¹,CC BY-NC-ND 4.0
æµ·ã‚’å‡ºã¦æµ·ã¸é‚„ã£ã¦ã‚†ãã®ã ã­èª°ã«ã‚‚è¦‹ãˆã¬é’ã‚’çºã£ã¦,,,2025-07-26 22:17:24,https://x.com/sorapoky/status/1949096715912724651,https://x.com/sorapoky,å±±å£çµ¢å­,CC BY-NC-ND 4.0
å¡µåŸƒã‚’æƒã„ã¦é›†ã‚ã¦ã‚´ãƒŸç®±ã¸ã€€ãã£ã¨èª°ã‹ã®æ€ã„å‡ºã®å¢,,,2025-07-25 06:46:39,https://x.com/murasameshinco/status/1948500097207087561,https://x.com/murasameshinco,ãƒ ãƒ©ã‚µãƒ¡ã‚·ãƒ³ã‚³,CC BY-NC-ND 4.0
å·é¢ã«ã‚‚ç©ºã«ã‚‚éŒ¦ç³¸ã‚’å·¡ã‚‰ã›ã¦èˆŸãŒè¡Œãã®ã‚’ã¼ã†ã£ã¨ã¿ã¦ã„ã‚‹,,,2025-07-25 06:06:19,https://x.com/kiroi_iorik/status/1948489948824531002,https://x.com/kiroi_iorik,ãã„ã‚ã„,CC BY-NC-ND 4.0
æ±—ã«ã¤ã‚Œã‚ºãƒœãƒ³ãŒå¼•ããšã‚Šè½ã¡ã¦ã„ãé´ã«ã‹ã¶ã•ã‚‹èµ¤ã¡ã‚ƒã‚“ã®é¦–,,,2025-07-23 00:23:45,https://x.com/mukadeyakata/status/1947678961884139917,https://x.com/mukadeyakata,æ–°äº•å®—å½¦,CC BY-NC-ND 4.0
ç…®è¾¼ã¾ã‚Œã—çœŸæ˜¼ã®æœˆã®é»„å‘³ãŠã³ã¦ç®¸ã®å…¥ã‚‹å›å¤–ã§æ¸ˆã¾ã›ã©,,,2025-07-22 23:41:14,https://x.com/misosarasenryu/status/1947668263670026740,https://x.com/misosarasenryu,é¯–è™,CC BY-NC-ND 4.0
"æº€æœˆã«é‡ãªã‚‹ã‚ˆã†ã«èœœæŸ‘ç½®ã
äºŒäººã¼ã£ã¡ã®çš†æ—¢æœˆé£Ÿ",,,2025-07-20 01:08:36,https://x.com/patrasche3580/status/1946603086103052519,https://x.com/patrasche3580,ãƒ‘ãƒˆãƒ©ãƒƒã‚·ãƒ¥,CC BY-NC-ND 4.0
æ‰‹ã‚’ã¤ãªãã“ã¨ã•ãˆå­ã†å›ãªã®ã«å¤œåŠã«åƒ•ã®è…°ã‚’æŠ±ã„ã¦ã‚‹,,,2025-07-20 00:32:59,https://x.com/Silbernekatze_/status/1946594123890491788,https://x.com/Silbernekatze_,åŒ—ä¹ƒéŠ€çŒ«,CC BY-NC-ND 4.0
"æ¸…æ¾„ã®å£°é³´ã‚ŠéŸ¿ãå¤ç©ºã«
æ³¢å¯„ã™ã‚‹ã”ã¨æˆ‘ã‚’åŒ…ã¿ã—",ç”Ÿæ¶¯ã®æ¨ã—ã®èª•ç”Ÿæ—¥ã‚’å¯¿ã„ã§è© ã‚“ã æ­Œã§ã™ pic.x.com/wza2NLXX3Q x.com/tankazine/statâ€¦,,2025-07-19 22:59:37,https://x.com/mizuochi_tanka/status/1946570626996597156,https://x.com/mizuochi_tanka,æ°´è½,CC BY-NC-ND 4.0
ã‚‚ã®ã®ã‘ã‚‚ã‚ˆã‚‚ã‚„æˆ‘ã«ã¯æ°—ä»˜ã‘ã¾ã„ã€€æ¡œã®èŠ±ãæ„›ã§ã‚‹é–“ã¯,,,2025-07-19 20:36:04,https://x.com/itucazoya/status/1946534498705043624,https://x.com/itucazoya,ã„ã¤ã‹,CC BY-NC-ND 4.0
æ‡‡é¡˜ã®äººã®é¡˜ã„ã¯ã€€ç¥ ãƒç¥ã€€å­ä¾›ã®ç—…æ¶ˆãˆå»ã‚‹ã‚ˆã†ã«,,,2025-07-19 17:14:41,https://x.com/AsuranAberu0001/status/1946483823019184298,https://x.com/AsuranAberu0001,æ˜¥é¢¨ã„ã–ãª,CC BY-NC-ND 4.0
"ãŸã¶ã‚“ç©ºã‚’è¦‹ä¸Šã’ã¦ã„ãªã„æ‰€ç‚ºã ã‚ã†
ä¹…ã—ãè™¹ã‚’è¦‹ã¤ã‘ã¦ã„ãªã„",,,2025-07-19 10:21:02,https://x.com/Precure_Yoisho/status/1946379720540684673,https://x.com/Precure_Yoisho,ã‚ˆã„ã—ã‚‡ä¸Šæ‰‹ã®é«˜æœ¨ã•ã‚“,CC BY-NC-ND 4.0
#çŸ­æ­Œä»Šé€±ã®è‡ªé¸ #çŸ­æ­Œ pic.x.com/6DLvv6VMcY x.com/tankazine/statâ€¦,,,2025-07-19 08:46:49,https://x.com/que_nieve/status/1946356010618409230,https://x.com/que_nieve,yukionä¨®éŸ³ğŸ’—,CC BY-NC-ND 4.0